id,first_name,last_name,email,salary,position,date_started,gender_id,top_size_id
1,Katharina,Woodwind,kwoodwind0@uol.com.br,"$97,930.02",Research Associate,2021-10-29,1,1
2,Floria,Iseton,fiseton1@prnewswire.com,"$91,738.68",Librarian,2015-11-14,1,2
3,Truman,Milburne,tmilburne2@archive.org,"$147,184.32",Nurse,2012-01-16,2,3
4,Thaddus,Sante,tsante3@weebly.com,"$115,198.75",Civil Engineer,2017-11-09,3,4
5,Stanislas,Sommerling,ssommerling4@cnbc.com,"$92,201.48",Chemical Engineer,2015-10-05,3,3
6,Archaimbaud,Domeney,adomeney5@wordpress.org,"$111,650.91",Recruiting Manager,2019-02-18,4,2
7,Louie,Castleton,lcastleton6@themeforest.net,"$129,065.76",Sales Representative,2020-06-06,3,5
8,Flem,McCann,fmccann7@cnbc.com,"$51,175.59",Computer Systems Analyst III,2018-02-21,3,6
9,Rafaela,Kyrkeman,rkyrkeman8@creativecommons.org,"$66,094.92",Recruiting Manager,2015-04-06,1,7
10,Barn,Domegan,bdomegan9@gmpg.org,"$54,459.35",Automation Specialist IV,2013-12-03,3,5
11,Brnaby,Bertwistle,bbertwistlea@booking.com,"$40,449.23",Biostatistician II,2014-09-10,5,4
12,Karlyn,Halsall,khalsallb@wisc.edu,"$105,395.73",Structural Engineer,2023-08-13,4,6
13,Othilia,Ardron,oardronc@desdev.cn,"$134,023.47",General Manager,2022-11-05,1,4
14,Constancy,Halse,chalsed@diigo.com,"$38,182.48",Senior Financial Analyst,2024-05-26,1,2
15,Aguste,Tome,atomee@qq.com,"$94,760.98",Teacher,2017-06-23,3,7
16,Griffy,Beades,gbeadesf@51.la,"$141,548.96",Junior Executive,2015-10-01,6,5
17,Carolan,Haxbie,chaxbieg@spiegel.de,"$103,328.52",Assistant Media Planner,2020-08-19,1,4
18,Reeva,Couvert,rcouverth@wikimedia.org,"$40,914.29",Senior Editor,2022-09-16,1,5
19,Jacques,Lappin,jlappini@meetup.com,"$86,332.74",Operator,2021-12-20,6,1
20,Arly,Oki,aokij@jigsy.com,"$102,562.51",Data Coordinator,2024-01-26,1,6
21,Salomo,Oatley,soatleyk@forbes.com,"$42,712.10",Quality Control Specialist,2012-04-30,3,5
22,Mahmud,Flaxman,mflaxmanl@nyu.edu,"$75,423.44",Account Representative IV,2018-03-21,3,6
23,Merrielle,Klammt,mklammtm@rakuten.co.jp,"$54,112.66",Quality Control Specialist,2021-06-11,1,2
24,Ephrem,Sidworth,esidworthn@hp.com,"$95,826.92",Health Coach II,2016-06-09,3,1
25,Valentia,Bartolomeazzi,vbartolomeazzio@ftc.gov,"$34,047.05",Professor,2018-06-02,1,6
26,Oswald,Eynaud,oeynaudp@baidu.com,"$128,052.48",General Manager,2014-12-10,3,1
27,Pancho,Jimmison,pjimmisonq@tinypic.com,"$135,207.14",Teacher,2023-08-07,3,3
28,Alfie,Piser,apiserr@vistaprint.com,"$125,545.77",Human Resources Assistant III,2016-10-31,3,4
29,Fee,Pesticcio,fpesticcios@examiner.com,"$58,035.26",Financial Advisor,2022-08-01,3,7
30,Waly,Attenbarrow,wattenbarrowt@pcworld.com,"$55,002.30",Senior Editor,2017-10-23,1,4
31,Deanna,Tinham,dtinhamu@seesaa.net,"$70,072.57",Statistician II,2012-08-09,1,7
32,Filippa,Knapp,fknappv@hc360.com,"$127,258.28",Recruiter,2013-05-04,1,6
33,Dulce,Wythill,dwythillw@latimes.com,"$48,608.24",Registered Nurse,2023-07-21,1,5
34,Delmore,Castanos,dcastanosx@oaic.gov.au,"$64,713.19",Nuclear Power Engineer,2018-02-15,6,7
35,Durand,Gerold,dgeroldy@dion.ne.jp,"$68,496.52",Financial Analyst,2024-10-03,3,7
36,Winnie,Wynn,wwynnz@howstuffworks.com,"$105,396.33",Speech Pathologist,2024-01-27,3,5
37,Dulcie,Pennoni,dpennoni10@people.com.cn,"$82,303.62",Web Designer II,2021-01-21,1,7
38,Delmar,Hebson,dhebson11@washington.edu,"$62,375.00",Librarian,2017-04-05,3,5
39,Stephanie,Brasse,sbrasse12@nymag.com,"$63,900.42",Health Coach IV,2012-01-02,1,4
40,Annaliese,Argrave,aargrave13@cmu.edu,"$31,159.55",Speech Pathologist,2016-11-01,1,5
41,Bertina,Joicey,bjoicey14@drupal.org,"$42,602.59",Database Administrator IV,2024-06-03,1,6
42,Joellen,McOrkill,jmcorkill15@fc2.com,"$144,806.30",Geologist I,2021-09-19,1,3
43,Coreen,Carslake,ccarslake16@paypal.com,"$33,522.88",VP Sales,2022-11-06,1,4
44,Niall,Terese,nterese17@opera.com,"$84,871.49",Pharmacist,2018-05-14,3,3
45,Jeffie,Ivanov,jivanov18@google.nl,"$47,929.16",Nuclear Power Engineer,2017-01-30,3,7
46,Joella,Portwaine,jportwaine19@statcounter.com,"$137,324.49",Actuary,2012-06-18,4,1
47,Ivan,Stanier,istanier1a@yelp.com,"$92,400.35",Community Outreach Specialist,2012-07-04,3,7
48,Roslyn,Glandfield,rglandfield1b@toplist.cz,"$34,157.18",Marketing Manager,2014-08-20,1,4
49,Catie,Spadari,cspadari1c@icq.com,"$86,834.72",Geological Engineer,2016-01-03,1,2
50,Sol,Hudghton,shudghton1d@csmonitor.com,"$110,376.66",Cost Accountant,2017-09-13,3,2
51,Parrnell,Amos,pamos1e@intel.com,"$34,646.22",Staff Accountant IV,2013-02-17,3,7
52,Stephani,Vogeler,svogeler1f@stumbleupon.com,"$65,881.38",Recruiting Manager,2021-04-12,1,4
53,Berty,Pitchford,bpitchford1g@miibeian.gov.cn,"$137,873.28",Product Engineer,2016-02-04,1,4
54,Lucais,Steane,lsteane1h@edublogs.org,"$134,326.00",Systems Administrator I,2023-01-26,3,2
55,Rodolphe,Kimpton,rkimpton1i@storify.com,"$69,572.69",Graphic Designer,2019-06-06,3,6
56,Randie,Plank,rplank1j@apache.org,"$119,965.85",Information Systems Manager,2017-04-14,1,6
57,Hermia,Gilfoyle,hgilfoyle1k@abc.net.au,"$116,833.41",Media Manager I,2012-06-24,1,5
58,Lenard,Kemmis,lkemmis1l@blinklist.com,"$92,525.65",Systems Administrator II,2023-01-12,3,5
59,Harrietta,Lisimore,hlisimore1m@etsy.com,"$145,897.16",Structural Analysis Engineer,2015-07-05,1,5
60,Thacher,Kanzler,tkanzler1n@hhs.gov,"$49,536.38",Web Designer II,2014-03-24,3,1
61,Johnny,Soughton,jsoughton1o@arizona.edu,"$81,365.57",Accounting Assistant I,2018-05-22,3,3
62,Colan,Bolino,cbolino1p@japanpost.jp,"$110,511.55",Research Assistant II,2019-04-21,3,4
63,Becca,Roston,broston1q@berkeley.edu,"$136,787.71",Health Coach I,2023-05-23,1,5
64,Iain,Crosswaite,icrosswaite1r@chronoengine.com,"$87,064.08",Staff Accountant II,2016-07-26,5,7
65,Pauly,Elloway,pelloway1s@state.gov,"$99,798.81",Data Coordinator,2018-06-20,1,2
66,Devi,Itzik,ditzik1t@wikimedia.org,"$100,860.61",Statistician III,2021-11-26,1,2
67,Natala,Willars,nwillars1u@tuttocitta.it,"$121,366.95",Health Coach IV,2016-04-20,1,2
68,Sheilakathryn,Danis,sdanis1v@blogspot.com,"$75,315.15",Teacher,2014-02-16,1,5
69,Laureen,Bunyard,lbunyard1w@sphinn.com,"$62,627.72",Software Consultant,2024-10-12,1,2
70,Artair,Mintrim,amintrim1x@ucoz.ru,"$75,555.41",Senior Developer,2014-10-21,3,3
71,Agata,Sibary,asibary1y@i2i.jp,"$132,968.53",Structural Analysis Engineer,2021-01-04,1,1
72,Guthry,Sarfat,gsarfat1z@ycombinator.com,"$36,783.70",Software Engineer II,2022-03-09,3,1
73,Marsiella,Vella,mvella20@businessinsider.com,"$121,455.99",Information Systems Manager,2022-06-25,1,6
74,Peder,Blumson,pblumson21@nifty.com,"$74,632.21",Office Assistant IV,2023-08-01,2,5
75,Drusie,Lilburne,dlilburne22@google.es,"$134,407.79",Senior Financial Analyst,2024-09-27,7,6
76,Cornelia,Boocock,cboocock23@parallels.com,"$148,708.77",Database Administrator I,2016-08-18,1,3
77,Mervin,Scott,mscott24@wikispaces.com,"$136,607.14",Human Resources Manager,2015-07-24,3,2
78,Michale,Topliss,mtopliss25@businessweek.com,"$32,124.79",Programmer Analyst I,2019-12-23,3,6
79,Imojean,Rutter,irutter26@cbslocal.com,"$81,849.02",VP Marketing,2014-03-28,1,1
80,Margery,Stivens,mstivens27@desdev.cn,"$59,143.48",Recruiting Manager,2021-07-16,1,1
81,Giselle,McGettrick,gmcgettrick28@columbia.edu,"$106,342.85",Executive Secretary,2017-02-22,1,6
82,Paola,Newband,pnewband29@webeden.co.uk,"$93,872.91",Quality Engineer,2014-08-10,1,4
83,Federica,Bernakiewicz,fbernakiewicz2a@sphinn.com,"$144,920.54",Pharmacist,2021-06-14,1,1
84,Hayley,Peatheyjohns,hpeatheyjohns2b@live.com,"$40,592.04",Help Desk Technician,2017-05-06,1,7
85,Chic,Greatrakes,cgreatrakes2c@ebay.co.uk,"$141,591.47",Mechanical Systems Engineer,2017-02-14,3,7
86,Drusilla,Link,dlink2d@networksolutions.com,"$76,118.94",Statistician II,2023-10-21,1,3
87,Audre,Tollow,atollow2e@reddit.com,"$37,729.00",Statistician I,2014-01-11,1,4
88,Casandra,Saltwell,csaltwell2f@geocities.jp,"$33,029.55",Marketing Assistant,2016-10-20,1,2
89,Helena,Allmond,hallmond2g@google.pl,"$79,736.01",Environmental Tech,2016-03-20,4,6
90,Reynolds,Garlinge,rgarlinge2h@topsy.com,"$100,300.51",Health Coach I,2019-11-12,3,7
91,Brigitta,Helks,bhelks2i@tuttocitta.it,"$49,800.77",Project Manager,2017-06-26,1,4
92,Gardiner,Renzo,grenzo2j@yellowbook.com,"$58,794.46",GIS Technical Architect,2019-04-09,3,6
93,Neddy,Janicki,njanicki2k@mysql.com,"$75,183.11",Assistant Manager,2021-12-04,3,2
94,Meredithe,Guerin,mguerin2l@cargocollective.com,"$46,816.48",Actuary,2014-01-23,1,5
95,Candis,McMullen,cmcmullen2m@stumbleupon.com,"$131,157.95",Environmental Specialist,2024-02-02,1,5
96,Errol,Gaiford,egaiford2n@pen.io,"$121,280.12",Statistician I,2018-09-07,3,4
97,Caddric,MacAllaster,cmacallaster2o@example.com,"$35,001.29",VP Sales,2019-07-20,3,2
98,Brody,Haversum,bhaversum2p@slate.com,"$44,695.04",Dental Hygienist,2023-11-08,3,2
99,Rodrigo,Cannop,rcannop2q@angelfire.com,"$120,719.14",Legal Assistant,2020-10-15,3,5
100,Judah,Cossem,jcossem2r@yolasite.com,"$84,388.09",Director of Sales,2018-05-19,3,3
101,Terencio,Berends,tberends2s@gov.uk,"$40,719.63",Registered Nurse,2021-09-01,3,6
102,Sergei,Yakobovitz,syakobovitz2t@adobe.com,"$111,885.83",Nurse,2018-09-29,3,1
103,Bren,Smillie,bsmillie2u@jalbum.net,"$72,422.62",Nuclear Power Engineer,2016-02-26,3,2
104,Shel,Issit,sissit2v@wp.com,"$125,692.11",Media Manager I,2015-01-03,1,6
105,Edeline,Farens,efarens2w@ifeng.com,"$96,963.36",Payment Adjustment Coordinator,2017-03-29,1,5
106,Lexie,Goldsbrough,lgoldsbrough2x@free.fr,"$124,438.06",Associate Professor,2015-03-18,5,5
107,Bonny,Sommerlin,bsommerlin2y@ihg.com,"$72,956.04",Software Engineer II,2020-10-28,1,6
108,Noami,Hawk,nhawk2z@elpais.com,"$88,777.15",Research Associate,2014-07-03,1,1
109,Demeter,Di Matteo,ddimatteo30@about.com,"$51,273.55",Technical Writer,2012-01-01,1,4
110,Bryant,Prosch,bprosch31@seesaa.net,"$79,472.60",Senior Developer,2013-01-04,3,5
111,Mommy,Nitti,mnitti32@whitehouse.gov,"$76,198.90",Help Desk Technician,2020-09-20,1,6
112,Chrotoem,Vaugham,cvaugham33@nhs.uk,"$140,314.66",GIS Technical Architect,2024-06-12,3,7
113,Kerrie,Pordal,kpordal34@artisteer.com,"$72,094.50",Data Coordinator,2023-06-08,1,4
114,Kassey,Cominello,kcominello35@nifty.com,"$59,957.20",Account Coordinator,2017-09-07,4,3
115,Clare,Van den Velde,cvandenvelde36@webmd.com,"$100,955.63",Associate Professor,2014-03-28,3,6
116,Mandel,Carwardine,mcarwardine37@bing.com,"$94,124.20",Design Engineer,2020-03-18,3,6
117,Ilysa,Bister,ibister38@feedburner.com,"$139,581.53",Librarian,2013-11-26,1,4
118,Weider,Lesper,wlesper39@slideshare.net,"$131,287.19",Director of Sales,2024-08-31,3,3
119,Corby,Leppard,cleppard3a@histats.com,"$108,761.71",Actuary,2022-07-11,3,5
120,Fitzgerald,Smithson,fsmithson3b@ovh.net,"$41,383.93",Research Associate,2017-03-26,3,2
121,Conrado,Caws,ccaws3c@about.me,"$113,157.78",Pharmacist,2016-02-03,3,3
122,Dunc,Kubu,dkubu3d@wired.com,"$36,494.71",Physical Therapy Assistant,2016-02-09,3,6
123,Roselia,Aizic,raizic3e@fema.gov,"$65,596.54",Automation Specialist II,2024-03-28,1,5
124,Madelena,Greyes,mgreyes3f@va.gov,"$69,942.72",Paralegal,2016-10-30,1,4
125,Kareem,Kyle,kkyle3g@dell.com,"$43,564.42",Editor,2023-11-01,7,1
126,Maia,Daburn,mdaburn3h@hud.gov,"$35,868.39",Software Engineer II,2019-03-03,1,6
127,Jocelyne,Castaner,jcastaner3i@bloglines.com,"$115,313.93",Statistician III,2020-06-17,1,5
128,Tammara,Mews,tmews3j@earthlink.net,"$140,480.33",VP Quality Control,2016-08-02,1,3
129,Sayre,Woodward,swoodward3k@indiatimes.com,"$129,603.74",Office Assistant IV,2015-12-25,4,1
130,Sheila-kathryn,Ivachyov,sivachyov3l@sina.com.cn,"$136,777.08",Systems Administrator IV,2013-11-02,1,3
131,Dredi,Vonasek,dvonasek3m@foxnews.com,"$135,667.08",Human Resources Manager,2014-09-03,1,1
132,Lark,Snap,lsnap3n@about.me,"$42,254.16",Tax Accountant,2022-08-25,1,7
133,Avril,Brittlebank,abrittlebank3o@wsj.com,"$99,896.26",Media Manager IV,2014-07-19,1,4
134,Kerk,Barends,kbarends3p@webmd.com,"$115,281.71",Internal Auditor,2023-11-07,3,6
135,Engelbert,Schimoni,eschimoni3q@yahoo.co.jp,"$78,236.82",Internal Auditor,2024-05-29,3,7
136,Maxim,Elsmor,melsmor3r@spiegel.de,"$127,151.10",Executive Secretary,2024-01-21,3,7
137,Tish,Wesson,twesson3s@spotify.com,"$140,102.85",Research Assistant IV,2013-03-19,1,1
138,Clement,Rushmare,crushmare3t@elegantthemes.com,"$36,979.08",Office Assistant III,2012-01-24,3,1
139,Olwen,Danielski,odanielski3u@ehow.com,"$62,150.32",VP Accounting,2024-05-18,1,3
140,Albina,Cunniff,acunniff3v@ft.com,"$101,816.00",Compensation Analyst,2019-12-12,1,3
141,Bertina,Westmarland,bwestmarland3w@yandex.ru,"$61,113.17",Librarian,2023-06-28,1,3
142,Marlene,Colisbe,mcolisbe3x@technorati.com,"$90,114.25",Structural Analysis Engineer,2017-12-02,5,2
143,Glyn,Ruppert,gruppert3y@tripadvisor.com,"$87,630.63",Actuary,2019-03-06,1,3
144,Brunhilde,Ralph,bralph3z@reddit.com,"$37,114.87",Staff Scientist,2023-10-04,1,4
145,Kane,Axston,kaxston40@shutterfly.com,"$55,280.32",Staff Scientist,2018-05-17,3,7
146,Clarke,Ashwell,cashwell41@webnode.com,"$135,703.46",Financial Analyst,2017-02-09,3,6
147,Patrice,Duley,pduley42@wikispaces.com,"$91,327.19",Social Worker,2015-02-21,1,6
148,Christina,Landor,clandor43@about.me,"$75,092.24",VP Marketing,2022-08-06,1,6
149,Willem,Hymers,whymers44@squarespace.com,"$76,135.10",Food Chemist,2013-12-03,3,1
150,Hildegarde,Pearson,hpearson45@free.fr,"$49,891.79",VP Accounting,2022-11-24,1,5
151,Kenny,Cannon,kcannon46@shop-pro.jp,"$78,015.23",Environmental Tech,2012-07-17,3,7
152,Karlis,Hannibal,khannibal47@theatlantic.com,"$128,096.08",Information Systems Manager,2013-09-05,3,3
153,Bathsheba,Loweth,bloweth48@yolasite.com,"$55,959.36",Internal Auditor,2023-10-06,1,5
154,Janek,Huonic,jhuonic49@freewebs.com,"$133,864.19",Technical Writer,2014-03-23,3,7
155,Gustave,Masser,gmasser4a@salon.com,"$74,967.72",General Manager,2012-12-07,3,4
156,Nero,Braywood,nbraywood4b@mozilla.org,"$75,486.60",Automation Specialist IV,2017-02-19,3,4
157,Biddie,Hindmore,bhindmore4c@so-net.ne.jp,"$44,299.83",Operator,2021-08-21,1,5
158,Cacilia,Okenfold,cokenfold4d@scribd.com,"$37,805.63",Tax Accountant,2021-03-01,1,4
159,Carmelina,Clewley,cclewley4e@gnu.org,"$47,890.35",Paralegal,2016-02-20,1,1
160,Daria,Benedetti,dbenedetti4f@wordpress.org,"$144,718.01",Payment Adjustment Coordinator,2023-02-16,1,5
161,Ellie,Lehon,elehon4g@dedecms.com,"$82,290.32",Senior Developer,2017-07-25,1,7
162,Gregory,Sprosson,gsprosson4h@nps.gov,"$92,633.23",Programmer Analyst I,2017-05-05,3,4
163,Miguel,Inkles,minkles4i@nba.com,"$149,090.93",Media Manager I,2012-03-08,3,4
164,Shanta,Scarlon,sscarlon4j@desdev.cn,"$46,371.82",Junior Executive,2015-05-05,8,5
165,Aland,Mustin,amustin4k@economist.com,"$89,797.16",Engineer II,2021-09-23,3,6
166,Ferdinanda,Scheu,fscheu4l@cisco.com,"$137,504.90",Product Engineer,2012-12-16,1,3
167,Doria,Clerke,dclerke4m@tinyurl.com,"$36,871.52",Accounting Assistant III,2022-02-17,5,7
168,Cassey,Barbary,cbarbary4n@ox.ac.uk,"$64,306.68",Technical Writer,2012-07-11,1,3
169,Dede,Jikovsky,djikovsky4o@chron.com,"$42,515.75",General Manager,2013-02-06,1,4
170,Maddalena,Trinder,mtrinder4p@sakura.ne.jp,"$130,348.36",Research Nurse,2020-11-25,1,7
171,Nicki,Lange,nlange4q@squarespace.com,"$107,741.60",Teacher,2023-07-04,1,4
172,Jessamyn,Corselles,jcorselles4r@angelfire.com,"$84,479.35",Engineer III,2013-09-16,1,3
173,Humphrey,Wallbank,hwallbank4s@qq.com,"$64,196.83",Paralegal,2012-05-03,3,3
174,Prisca,Rawne,prawne4t@cargocollective.com,"$38,101.09",Civil Engineer,2023-10-18,1,7
175,Ulysses,Trenaman,utrenaman4u@histats.com,"$42,729.20",Chemical Engineer,2016-04-20,7,1
176,Leese,Higginbottam,lhigginbottam4v@clickbank.net,"$50,921.12",Tax Accountant,2012-08-30,1,1
177,Chalmers,Cockerill,ccockerill4w@amazonaws.com,"$132,328.26",Nurse,2014-05-02,3,7
178,Lena,Beagen,lbeagen4x@youku.com,"$75,564.54",Marketing Manager,2020-04-01,1,4
179,Perren,Lefwich,plefwich4y@guardian.co.uk,"$135,646.81",Financial Advisor,2021-12-16,4,3
180,Berkly,Restieaux,brestieaux4z@cnbc.com,"$89,888.95",VP Marketing,2017-08-21,3,7
181,Delainey,Gatcliff,dgatcliff50@mediafire.com,"$32,088.37",Statistician II,2020-10-03,3,4
182,Irwinn,Orwell,iorwell51@abc.net.au,"$81,996.72",Internal Auditor,2020-01-30,3,1
183,Ramona,Guillon,rguillon52@businesswire.com,"$82,727.82",Quality Control Specialist,2016-01-08,1,3
184,Burton,Checcuzzi,bcheccuzzi53@addtoany.com,"$63,567.63",VP Accounting,2017-12-24,3,7
185,Cathi,Petraitis,cpetraitis54@topsy.com,"$98,573.50",Junior Executive,2018-06-11,1,6
186,Anet,Pointin,apointin55@patch.com,"$71,058.30",Nuclear Power Engineer,2019-02-22,1,3
187,Natalee,Kerner,nkerner56@state.gov,"$91,736.19",Research Associate,2014-06-18,1,2
188,Travis,Di Maggio,tdimaggio57@nasa.gov,"$34,349.00",Tax Accountant,2013-10-30,3,7
189,Meg,Capron,mcapron58@opensource.org,"$72,509.10",Geologist II,2014-03-13,1,4
190,Artair,Hallstone,ahallstone59@chicagotribune.com,"$54,351.63",Chief Design Engineer,2017-11-14,4,5
191,Crissie,Swetmore,cswetmore5a@msn.com,"$75,761.36",Internal Auditor,2024-09-11,1,2
192,Corbett,Coxon,ccoxon5b@marriott.com,"$77,122.52",Programmer IV,2014-11-28,3,3
193,Ted,Sacher,tsacher5c@oakley.com,"$72,348.36",Marketing Assistant,2018-05-08,1,1
194,Ardyth,Mortell,amortell5d@archive.org,"$98,711.25",Software Test Engineer III,2023-03-31,1,1
195,Wake,Pawlata,wpawlata5e@ebay.co.uk,"$46,437.11",Electrical Engineer,2014-10-26,3,3
196,Rodi,Romme,rromme5f@ezinearticles.com,"$135,056.92",Sales Representative,2019-06-20,1,2
197,Alick,Cleverly,acleverly5g@sakura.ne.jp,"$79,526.57",Paralegal,2017-12-04,3,1
198,Ernaline,Heild,eheild5h@infoseek.co.jp,"$73,515.56",Structural Analysis Engineer,2018-08-28,1,2
199,Natassia,O'Cahsedy,nocahsedy5i@china.com.cn,"$30,788.56",Environmental Specialist,2024-02-19,1,4
200,Eachelle,Mochar,emochar5j@a8.net,"$67,918.61",Staff Accountant III,2018-07-17,1,6
201,Hasty,Chappell,hchappell5k@miibeian.gov.cn,"$33,518.11",Statistician II,2018-07-22,3,3
202,Lucita,Abells,labells5l@cocolog-nifty.com,"$145,909.33",Programmer IV,2021-02-27,2,2
203,Konrad,Missington,kmissington5m@cnet.com,"$65,085.61",GIS Technical Architect,2012-05-11,3,3
204,Reilly,Borton,rborton5n@mapquest.com,"$101,521.27",Mechanical Systems Engineer,2015-09-12,3,3
205,Cortney,Heibel,cheibel5o@ebay.co.uk,"$106,440.83",Account Representative IV,2015-11-22,1,4
206,Floria,Hought,fhought5p@cargocollective.com,"$104,027.12",Sales Representative,2020-03-20,1,2
207,Kermit,Blaisdale,kblaisdale5q@cpanel.net,"$149,627.26",Physical Therapy Assistant,2018-02-13,3,1
208,Harmonia,Benedick,hbenedick5r@goodreads.com,"$37,234.57",Biostatistician II,2021-01-15,1,3
209,Ibby,Hutson,ihutson5s@intel.com,"$128,670.81",Analyst Programmer,2022-05-20,1,5
210,Wilburt,De Ruel,wderuel5t@tuttocitta.it,"$98,015.51",Compensation Analyst,2015-04-11,3,5
211,Gaelan,Saffell,gsaffell5u@netvibes.com,"$97,286.71",GIS Technical Architect,2023-10-21,3,3
212,Mandie,Mattusevich,mmattusevich5v@soundcloud.com,"$44,602.61",Teacher,2020-09-11,1,2
213,Leon,Goodfield,lgoodfield5w@yellowpages.com,"$45,927.66",Internal Auditor,2014-01-01,3,2
214,Ingeberg,Anstead,ianstead5x@unblog.fr,"$145,781.39",Technical Writer,2016-02-16,1,4
215,Orlando,Connett,oconnett5y@oakley.com,"$75,692.73",Assistant Professor,2022-10-07,3,2
216,Antonio,Haliburton,ahaliburton5z@plala.or.jp,"$116,757.28",Budget/Accounting Analyst III,2024-05-01,3,7
217,Shari,Jarrold,sjarrold60@businessweek.com,"$64,956.51",Administrative Assistant I,2024-11-09,1,5
218,Tiffie,Channing,tchanning61@jimdo.com,"$128,920.47",Software Engineer II,2013-09-09,1,7
219,Myrvyn,Dibnah,mdibnah62@salon.com,"$91,569.48",Chief Design Engineer,2016-12-28,3,2
220,Steffane,Fitzpatrick,sfitzpatrick63@themeforest.net,"$57,710.71",Dental Hygienist,2018-12-26,1,6
221,Rebeka,Parlatt,rparlatt64@aboutads.info,"$72,017.20",Electrical Engineer,2024-03-31,1,5
222,Derwin,Potteridge,dpotteridge65@unesco.org,"$80,021.10",Structural Analysis Engineer,2014-04-12,6,2
223,Derward,Tidbury,dtidbury66@xinhuanet.com,"$111,525.28",Software Consultant,2013-10-29,4,3
224,Korella,McLevie,kmclevie67@springer.com,"$106,129.51",Physical Therapy Assistant,2012-07-22,1,5
225,Jerri,Pavlov,jpavlov68@tripadvisor.com,"$62,417.73",Executive Secretary,2014-12-20,3,3
226,Pall,Torregiani,ptorregiani69@omniture.com,"$76,717.21",VP Accounting,2016-03-17,3,6
227,Corabelle,Clousley,cclousley6a@geocities.jp,"$43,745.41",Sales Representative,2020-02-28,1,2
228,Innis,Willgrass,iwillgrass6b@forbes.com,"$50,635.23",Internal Auditor,2016-12-07,3,1
229,Law,Shepeard,lshepeard6c@patch.com,"$142,709.01",Developer II,2017-09-04,3,1
230,Eric,Bodham,ebodham6d@posterous.com,"$72,311.98",Help Desk Operator,2021-08-14,3,3
231,Sib,Loxston,sloxston6e@psu.edu,"$110,345.80",Data Coordinator,2021-05-13,7,2
232,Flemming,Boldt,fboldt6f@virginia.edu,"$62,910.20",Mechanical Systems Engineer,2018-02-15,3,4
233,Bryon,Pairpoint,bpairpoint6g@wsj.com,"$55,521.22",VP Accounting,2020-01-02,3,4
234,Currie,Del Castello,cdelcastello6h@cbsnews.com,"$67,045.85",Actuary,2015-10-29,8,3
235,Salli,Nestoruk,snestoruk6i@typepad.com,"$104,234.04",Tax Accountant,2013-09-19,1,3
236,Trueman,Shuttleworth,tshuttleworth6j@vk.com,"$86,855.12",Chemical Engineer,2018-09-11,7,7
237,Dinny,Burles,dburles6k@vimeo.com,"$103,455.88",VP Marketing,2014-05-17,1,5
238,Karol,Lamplugh,klamplugh6l@about.me,"$143,380.49",Marketing Manager,2016-07-31,1,6
239,Donnell,Learmouth,dlearmouth6m@exblog.jp,"$73,183.11",Project Manager,2020-05-06,3,5
240,Harmony,Davidovsky,hdavidovsky6n@lulu.com,"$102,031.18",Social Worker,2020-07-16,4,4
241,Mead,Davet,mdavet6o@meetup.com,"$96,729.73",Structural Engineer,2019-02-08,1,1
242,Seumas,Hollyman,shollyman6p@upenn.edu,"$145,756.54",Engineer I,2015-09-04,3,1
243,Cordie,Baudinelli,cbaudinelli6q@youku.com,"$77,544.69",Account Representative IV,2018-01-03,1,5
244,Morena,Fibbitts,mfibbitts6r@sun.com,"$93,649.16",Programmer Analyst II,2022-01-06,1,5
245,Adolpho,Heliot,aheliot6s@youtu.be,"$123,967.56",Tax Accountant,2022-10-08,3,4
246,Georgina,Woodyear,gwoodyear6t@mapquest.com,"$127,079.12",Quality Control Specialist,2015-11-07,1,6
247,Marcelo,Swyn,mswyn6u@tinyurl.com,"$123,281.07",Information Systems Manager,2019-12-22,3,1
248,Boris,Olivier,bolivier6v@ustream.tv,"$84,353.95",Web Designer I,2023-12-11,3,4
249,Raina,Crickmer,rcrickmer6w@bloomberg.com,"$137,107.54",Technical Writer,2013-04-12,1,6
250,Juli,Strethill,jstrethill6x@about.com,"$32,064.13",Computer Systems Analyst II,2022-09-28,1,7
251,Alleyn,Lewsie,alewsie6y@yahoo.com,"$97,913.14",Physical Therapy Assistant,2017-04-04,3,2
252,Sayer,McGookin,smcgookin6z@nationalgeographic.com,"$98,655.78",Technical Writer,2022-09-13,3,5
253,Sigismond,Ricciardo,sricciardo70@xinhuanet.com,"$124,610.85",Internal Auditor,2016-12-25,3,6
254,Arnoldo,Filshin,afilshin71@typepad.com,"$36,902.31",Technical Writer,2023-06-12,8,5
255,Ignacius,Wickenden,iwickenden72@twitter.com,"$69,128.23",Chief Design Engineer,2021-02-22,3,7
256,Sheri,MacAne,smacane73@nsw.gov.au,"$63,099.91",Compensation Analyst,2015-05-06,1,2
257,Fedora,Secret,fsecret74@tinyurl.com,"$118,340.98",Editor,2022-02-13,1,5
258,Manon,Rambadt,mrambadt75@amazon.com,"$92,177.31",Project Manager,2012-06-16,1,2
259,Alic,Winterbotham,awinterbotham76@symantec.com,"$139,835.49",Speech Pathologist,2023-10-31,3,4
260,Danya,Jonk,djonk77@umn.edu,"$87,801.23",Accountant I,2023-12-26,3,4
261,Nick,De Freyne,ndefreyne78@ifeng.com,"$129,041.66",Budget/Accounting Analyst II,2020-12-07,3,7
262,Tad,Broe,tbroe79@businesswire.com,"$96,733.26",Desktop Support Technician,2012-03-18,3,2
263,Egon,Cejka,ecejka7a@netscape.com,"$59,431.88",Senior Sales Associate,2021-03-01,3,4
264,Dalt,Beddow,dbeddow7b@cnbc.com,"$84,434.01",Actuary,2018-01-03,3,5
265,Goober,Sommersett,gsommersett7c@spiegel.de,"$108,697.49",Pharmacist,2017-06-25,3,5
266,Catarina,Hurlestone,churlestone7d@gov.uk,"$73,828.62",Office Assistant II,2017-05-09,2,6
267,Nickey,Janu,njanu7e@yelp.com,"$33,939.69",Legal Assistant,2015-07-13,3,4
268,Harlene,Swale,hswale7f@facebook.com,"$59,909.65",Administrative Officer,2023-08-20,1,4
269,Lemmy,Pirkis,lpirkis7g@wiley.com,"$65,948.16",Tax Accountant,2021-08-05,3,3
270,Elmer,Sporgeon,esporgeon7h@discuz.net,"$54,576.53",Sales Representative,2015-05-20,3,5
271,Edd,Meiningen,emeiningen7i@newsvine.com,"$61,142.48",Staff Accountant IV,2016-09-13,3,4
272,Aubine,Geall,ageall7j@hhs.gov,"$60,509.54",Director of Sales,2017-10-03,4,7
273,Inglebert,Meehan,imeehan7k@lulu.com,"$87,438.37",Assistant Manager,2013-01-28,3,7
274,Mahmud,De Metz,mdemetz7l@vk.com,"$56,037.39",Graphic Designer,2024-02-19,3,6
275,Charmain,Pointing,cpointing7m@shinystat.com,"$67,144.50",Human Resources Assistant I,2022-12-03,1,7
276,Cyrillus,Vane,cvane7n@arstechnica.com,"$111,624.11",Payment Adjustment Coordinator,2019-06-01,3,5
277,Joyous,Riguard,jriguard7o@constantcontact.com,"$97,600.92",VP Accounting,2018-11-27,1,1
278,Max,Winthrop,mwinthrop7p@census.gov,"$64,163.69",Payment Adjustment Coordinator,2023-10-29,3,4
279,Guglielma,Hengoed,ghengoed7q@craigslist.org,"$74,578.93",Electrical Engineer,2016-12-21,1,4
280,Rory,McNirlan,rmcnirlan7r@webnode.com,"$41,854.23",Environmental Specialist,2022-10-19,3,2
281,Padgett,Prier,pprier7s@cnet.com,"$138,889.29",Engineer IV,2013-09-16,3,5
282,Auberon,Cameron,acameron7t@github.com,"$73,539.65",Director of Sales,2023-08-16,3,6
283,Vivianne,Senyard,vsenyard7u@nature.com,"$40,053.30",VP Quality Control,2018-10-12,1,6
284,Bren,Kemish,bkemish7v@patch.com,"$60,726.63",Marketing Manager,2014-07-26,1,5
285,Quinta,Murra,qmurra7w@dedecms.com,"$103,717.62",Junior Executive,2021-12-19,1,3
286,Lelia,Lemmens,llemmens7x@tumblr.com,"$105,715.10",Product Engineer,2013-12-20,1,7
287,Cory,Becraft,cbecraft7y@msu.edu,"$107,816.85",Electrical Engineer,2016-02-06,1,5
288,Britt,Chitham,bchitham7z@hc360.com,"$115,676.19",VP Quality Control,2016-09-27,3,7
289,Dulci,Roust,droust80@prweb.com,"$124,121.26",Desktop Support Technician,2020-05-17,1,3
290,Billye,Baselio,bbaselio81@amazon.com,"$136,236.42",Web Designer III,2012-06-29,1,5
291,Miriam,Sottell,msottell82@zdnet.com,"$144,279.02",Assistant Professor,2020-10-28,1,3
292,Krissie,Boswell,kboswell83@drupal.org,"$45,010.52",Systems Administrator II,2022-02-02,1,2
293,Hedy,Paddington,hpaddington84@chicagotribune.com,"$148,651.74",Staff Accountant III,2012-06-13,1,1
294,Sayer,Pic,spic85@statcounter.com,"$64,919.06",Executive Secretary,2015-05-23,3,4
295,Brnaby,McCard,bmccard86@sina.com.cn,"$127,619.86",Accounting Assistant II,2014-06-10,3,2
296,Grethel,Haine,ghaine87@vk.com,"$69,852.63",Speech Pathologist,2015-08-15,1,5
297,Moyra,Tutchell,mtutchell88@dailymotion.com,"$82,956.70",Marketing Manager,2024-06-22,1,6
298,Floria,Forster,fforster89@usda.gov,"$48,843.21",Graphic Designer,2012-07-06,1,2
299,Hannah,Monsey,hmonsey8a@nsw.gov.au,"$89,322.22",Internal Auditor,2020-06-22,1,5
300,Codi,Auton,cauton8b@yahoo.com,"$140,868.91",Chief Design Engineer,2024-04-08,1,4
301,Vernor,Leathard,vleathard8c@people.com.cn,"$55,555.31",Developer IV,2024-07-11,3,7
302,Harwilll,Traill,htraill8d@epa.gov,"$87,719.82",Technical Writer,2015-10-02,3,7
303,Laney,Jahnel,ljahnel8e@microsoft.com,"$140,427.47",Design Engineer,2015-04-25,1,1
304,West,Fish,wfish8f@businessinsider.com,"$112,741.64",Information Systems Manager,2014-07-15,3,3
305,Mamie,Sills,msills8g@yandex.ru,"$127,538.71",Junior Executive,2021-11-04,1,3
306,Lynnett,Cornell,lcornell8h@yahoo.com,"$84,536.77",Quality Engineer,2016-02-16,1,4
307,Theresa,O'Fallone,tofallone8i@jigsy.com,"$81,805.39",Marketing Manager,2013-10-07,1,6
308,Ebenezer,Advani,eadvani8j@indiatimes.com,"$131,480.26",Human Resources Manager,2013-09-06,3,1
309,Codie,Marner,cmarner8k@ow.ly,"$92,281.86",Safety Technician II,2024-05-09,1,2
310,Corbett,Colvill,ccolvill8l@tuttocitta.it,"$59,500.01",Engineer I,2021-03-01,3,7
311,Cara,Daniello,cdaniello8m@dion.ne.jp,"$54,616.25",Research Nurse,2024-11-17,1,4
312,Quincy,Coster,qcoster8n@topsy.com,"$40,379.79",Biostatistician III,2020-04-03,3,7
313,Mariejeanne,McArd,mmcard8o@privacy.gov.au,"$42,033.16",Research Assistant II,2022-12-16,1,6
314,Ellwood,Desmond,edesmond8p@webeden.co.uk,"$42,805.66",Speech Pathologist,2012-03-14,3,7
315,Jareb,Longland,jlongland8q@blinklist.com,"$138,378.57",Information Systems Manager,2022-01-14,3,1
316,Cassius,Wieprecht,cwieprecht8r@privacy.gov.au,"$143,360.43",Assistant Professor,2020-07-09,3,5
317,Cello,Besque,cbesque8s@reference.com,"$45,205.56",Food Chemist,2016-12-26,3,4
318,Currie,Finby,cfinby8t@sakura.ne.jp,"$91,251.36",Health Coach IV,2022-06-30,3,1
319,Darnell,Pancoast,dpancoast8u@sbwire.com,"$80,610.54",Cost Accountant,2017-12-10,3,6
320,Kathie,Marshallsay,kmarshallsay8v@yahoo.com,"$147,357.79",Chief Design Engineer,2019-10-24,1,3
321,Olly,Reaney,oreaney8w@plala.or.jp,"$35,496.44",Marketing Manager,2019-07-10,1,1
322,Ronnica,Offield,roffield8x@seesaa.net,"$104,843.80",Research Associate,2012-07-26,1,7
323,Cully,Carayol,ccarayol8y@imdb.com,"$62,618.80",Electrical Engineer,2020-06-01,3,7
324,Ced,Buxey,cbuxey8z@ebay.co.uk,"$115,690.94",Senior Sales Associate,2012-06-13,3,1
325,Courtenay,Beadon,cbeadon90@newsvine.com,"$35,962.66",Tax Accountant,2014-01-03,1,6
326,Alyson,Dooher,adooher91@g.co,"$31,043.54",Assistant Manager,2023-01-14,1,6
327,Cullin,Gaine,cgaine92@dmoz.org,"$134,857.02",Systems Administrator IV,2015-07-28,3,2
328,Jourdain,Kilpatrick,jkilpatrick93@umn.edu,"$41,738.30",Chemical Engineer,2016-03-15,3,1
329,Tamas,Matsell,tmatsell94@miibeian.gov.cn,"$54,939.53",Mechanical Systems Engineer,2014-03-14,3,4
330,Elysia,Wardingley,ewardingley95@dmoz.org,"$72,772.96",Senior Financial Analyst,2017-10-11,1,1
331,Cristi,Hanne,channe96@lulu.com,"$147,601.86",Design Engineer,2015-07-07,2,5
332,Chantal,Skellorne,cskellorne97@yahoo.com,"$129,817.21",Nurse Practicioner,2022-05-04,1,5
333,Natka,Rosenstein,nrosenstein98@trellian.com,"$105,196.23",Account Executive,2022-06-14,1,6
334,Maxwell,Basketfield,mbasketfield99@icio.us,"$35,152.12",Librarian,2023-08-09,3,6
335,Rochester,Jados,rjados9a@gov.uk,"$58,946.92",Civil Engineer,2014-10-27,3,7
336,Alfie,Astbury,aastbury9b@webnode.com,"$48,717.09",Analyst Programmer,2020-12-16,3,6
337,Hillard,Jon,hjon9c@paypal.com,"$57,896.37",Actuary,2023-07-23,3,4
338,Aldus,McCloch,amccloch9d@newyorker.com,"$64,588.25",Actuary,2016-02-07,3,5
339,Alain,Headan,aheadan9e@yolasite.com,"$114,375.74",Health Coach I,2014-01-10,2,4
340,Eberhard,Guidetti,eguidetti9f@tripadvisor.com,"$43,562.36",Legal Assistant,2024-07-20,3,4
341,Wang,Heasly,wheasly9g@digg.com,"$33,322.51",Web Developer III,2018-10-03,3,7
342,Ulysses,Fyldes,ufyldes9h@cafepress.com,"$143,377.15",Developer II,2021-08-31,3,6
343,Georgi,Chelnam,gchelnam9i@uiuc.edu,"$113,153.29",Programmer I,2014-06-15,3,5
344,Cahra,Peres,cperes9j@yellowbook.com,"$122,859.65",VP Sales,2024-08-07,1,4
345,Poul,Richmond,prichmond9k@phpbb.com,"$140,912.22",Chemical Engineer,2020-05-25,3,7
346,Clarisse,Napolitano,cnapolitano9l@gnu.org,"$136,887.23",Chief Design Engineer,2020-03-08,1,5
347,Britt,Metts,bmetts9m@reverbnation.com,"$146,638.93",Environmental Specialist,2013-07-02,2,2
348,Gabriello,Essam,gessam9n@ox.ac.uk,"$38,520.12",Recruiting Manager,2017-04-08,6,6
349,Alexandr,Burgum,aburgum9o@smh.com.au,"$72,169.16",Developer IV,2018-10-04,3,4
350,Tomlin,Benech,tbenech9p@mashable.com,"$99,097.24",Developer III,2016-06-29,3,3
351,Nye,Jouandet,njouandet9q@home.pl,"$41,611.51",Software Test Engineer II,2017-09-13,3,6
352,Saxon,Frigout,sfrigout9r@typepad.com,"$61,154.10",Accounting Assistant IV,2015-06-17,3,5
353,Sullivan,Hasser,shasser9s@nydailynews.com,"$34,344.40",Administrative Officer,2013-05-21,3,4
354,Quintin,Kliemann,qkliemann9t@sitemeter.com,"$33,158.18",Office Assistant III,2023-03-15,3,2
355,Mel,Varne,mvarne9u@wikipedia.org,"$109,458.92",VP Sales,2020-01-02,1,4
356,Mace,Bruyett,mbruyett9v@de.vu,"$117,724.24",Administrative Officer,2020-03-23,3,7
357,Phoebe,Mead,pmead9w@earthlink.net,"$38,006.73",Biostatistician III,2023-02-25,1,3
358,Nathan,Feaviour,nfeaviour9x@bbb.org,"$37,044.39",Design Engineer,2018-12-24,3,5
359,Clarice,Stockport,cstockport9y@sohu.com,"$62,958.89",Assistant Media Planner,2024-01-03,1,7
360,Emmy,Wyson,ewyson9z@reddit.com,"$30,695.60",Research Assistant I,2019-08-20,1,3
361,Pip,Van Arsdall,pvanarsdalla0@dailymotion.com,"$55,917.90",Dental Hygienist,2012-09-14,3,4
362,Virgil,Izod,vizoda1@godaddy.com,"$49,911.14",Senior Sales Associate,2020-08-14,7,3
363,Lydon,Erlam,lerlama2@google.de,"$99,761.81",Speech Pathologist,2024-09-04,3,5
364,Korney,Treadgold,ktreadgolda3@google.co.uk,"$35,865.75",Web Designer I,2022-04-29,1,7
365,Matthew,Dowrey,mdowreya4@npr.org,"$100,204.87",Junior Executive,2012-07-17,3,6
366,Allard,Haistwell,ahaistwella5@amazonaws.com,"$135,850.13",Environmental Specialist,2022-04-30,3,7
367,Nevile,Dugall,ndugalla6@tamu.edu,"$145,034.88",Paralegal,2022-05-29,3,3
368,Dolph,Gaywood,dgaywooda7@webs.com,"$142,242.38",Account Representative III,2022-10-03,3,5
369,Carina,Fidele,cfidelea8@adobe.com,"$80,287.89",Sales Representative,2013-05-21,1,6
370,Salomone,Schirak,sschiraka9@si.edu,"$116,366.28",Dental Hygienist,2015-04-03,3,1
371,Rowan,Skirvane,rskirvaneaa@yahoo.com,"$69,104.76",Senior Editor,2018-03-19,3,7
372,Bordy,Tichner,btichnerab@smugmug.com,"$40,274.24",Research Assistant II,2015-01-25,3,7
373,Jasmine,Tothacot,jtothacotac@unicef.org,"$135,441.85",Structural Analysis Engineer,2023-04-18,1,2
374,Gal,Hintze,ghintzead@weibo.com,"$132,551.72",Payment Adjustment Coordinator,2019-05-03,3,2
375,Torey,Scorah,tscorahae@forbes.com,"$103,748.91",Quality Engineer,2021-07-05,3,6
376,Richmound,Kmiec,rkmiecaf@lycos.com,"$39,594.49",Director of Sales,2015-08-21,3,2
377,Huntlee,Wilcot,hwilcotag@pagesperso-orange.fr,"$59,537.11",Research Assistant I,2019-01-09,3,7
378,Harri,Tavner,htavnerah@umn.edu,"$51,206.55",Sales Representative,2013-07-25,1,4
379,Ambros,Blundell,ablundellai@posterous.com,"$139,709.54",Account Coordinator,2017-06-02,3,4
380,Caroljean,Cloute,cclouteaj@fotki.com,"$102,869.65",Registered Nurse,2018-03-18,1,2
381,Kirby,Meiklem,kmeiklemak@nationalgeographic.com,"$46,070.30",GIS Technical Architect,2016-09-12,1,1
382,Jeane,Lunn,jlunnal@addtoany.com,"$106,470.65",Analyst Programmer,2016-06-30,1,2
383,Earle,Ricardet,ericardetam@technorati.com,"$70,437.02",Geologist I,2022-10-31,3,6
384,Graeme,Harman,gharmanan@is.gd,"$83,007.38",Compensation Analyst,2016-02-04,3,7
385,Monroe,Furneaux,mfurneauxao@amazon.com,"$80,256.72",Sales Associate,2013-04-18,3,6
386,Patton,Barrack,pbarrackap@sohu.com,"$81,151.38",VP Quality Control,2021-07-23,8,6
387,Cristobal,Lovell,clovellaq@indiatimes.com,"$39,626.83",Structural Analysis Engineer,2019-12-20,3,7
388,Adara,Deport,adeportar@de.vu,"$70,132.32",Teacher,2022-02-23,8,3
389,Melloney,Handrek,mhandrekas@mashable.com,"$50,443.69",Design Engineer,2013-12-08,1,4
390,Goldy,Gumme,ggummeat@amazon.co.uk,"$142,766.61",Budget/Accounting Analyst III,2023-02-26,1,5
391,Sutherland,Ladd,sladdau@uiuc.edu,"$67,142.93",Project Manager,2017-10-28,3,3
392,Lelia,Roizin,lroizinav@symantec.com,"$51,950.41",Director of Sales,2013-06-25,1,6
393,Craggie,Ewbach,cewbachaw@hp.com,"$66,134.62",Systems Administrator I,2019-07-15,3,2
394,Chico,Pearcy,cpearcyax@themeforest.net,"$131,017.87",Project Manager,2012-10-15,3,1
395,Maynard,Wrightim,mwrightimay@time.com,"$45,582.60",General Manager,2015-09-27,3,1
396,Guglielma,Binyon,gbinyonaz@4shared.com,"$48,963.94",Assistant Media Planner,2016-05-09,1,7
397,Lance,Iannuzzelli,liannuzzellib0@elpais.com,"$119,425.75",Operator,2013-08-20,3,2
398,Cary,Emerson,cemersonb1@cbslocal.com,"$116,083.95",Tax Accountant,2024-08-17,3,7
399,Eddi,Garratty,egarrattyb2@diigo.com,"$112,653.66",Information Systems Manager,2020-06-22,1,4
400,Norris,Segot,nsegotb3@icio.us,"$37,105.96",Marketing Manager,2021-07-11,3,5
401,Zarah,Van der Velden,zvanderveldenb4@sitemeter.com,"$69,255.78",Programmer Analyst I,2015-02-11,1,6
402,Cayla,Giacopelo,cgiacopelob5@stumbleupon.com,"$99,275.50",Librarian,2016-01-02,4,7
403,Fancy,Bright,fbrightb6@privacy.gov.au,"$100,332.01",Analyst Programmer,2020-04-08,4,6
404,Meghan,Jacobovitz,mjacobovitzb7@newsvine.com,"$38,375.48",Internal Auditor,2014-06-01,2,6
405,Marcelle,Loker,mlokerb8@sciencedaily.com,"$122,288.92",Sales Representative,2023-04-16,1,6
406,Edsel,Stevings,estevingsb9@nifty.com,"$96,582.11",Help Desk Technician,2018-10-27,3,5
407,Beniamino,Greer,bgreerba@wix.com,"$146,681.68",Business Systems Development Analyst,2018-10-17,3,1
408,Cathie,Sirman,csirmanbb@house.gov,"$144,952.84",Recruiter,2013-09-22,1,1
409,Octavia,Bradane,obradanebc@senate.gov,"$142,189.29",Quality Control Specialist,2018-05-14,1,5
410,Elene,Binestead,ebinesteadbd@smugmug.com,"$78,279.67",Paralegal,2021-12-04,1,2
411,Barthel,Rowantree,browantreebe@amazon.co.uk,"$97,870.35",Assistant Media Planner,2017-07-14,3,7
412,Gayle,Hanbury,ghanburybf@narod.ru,"$60,319.06",Teacher,2023-01-22,1,7
413,Rog,Chalfant,rchalfantbg@eventbrite.com,"$70,441.27",Sales Representative,2017-02-22,3,7
414,Leena,Thowes,lthowesbh@taobao.com,"$122,162.36",Engineer II,2018-10-11,1,1
415,Pebrook,Eslinger,peslingerbi@jigsy.com,"$81,846.58",Technical Writer,2012-05-14,3,4
416,Rosalinde,Witheridge,rwitheridgebj@kickstarter.com,"$58,272.64",Payment Adjustment Coordinator,2016-01-15,1,1
417,Garfield,Gratland,ggratlandbk@hugedomains.com,"$85,529.91",Budget/Accounting Analyst II,2016-10-27,3,3
418,Norbie,Milmith,nmilmithbl@google.de,"$53,664.31",Account Representative I,2019-09-30,3,6
419,Katharyn,Jakubovics,kjakubovicsbm@wunderground.com,"$79,167.38",Sales Associate,2012-08-25,1,7
420,Madella,Rubenov,mrubenovbn@twitter.com,"$123,177.41",Web Designer IV,2013-04-21,6,1
421,Cloris,Boyda,cboydabo@virginia.edu,"$79,439.56",Nurse,2016-09-28,6,1
422,Ninon,Wapple,nwapplebp@multiply.com,"$73,892.90",VP Product Management,2018-04-19,1,3
423,Octavia,Balstone,obalstonebq@washington.edu,"$125,506.75",VP Quality Control,2017-10-23,1,7
424,Hal,Pettican,hpetticanbr@dailymotion.com,"$130,083.48",Food Chemist,2022-08-13,3,3
425,Noll,Blinman,nblinmanbs@homestead.com,"$140,959.51",Payment Adjustment Coordinator,2024-06-21,3,4
426,Misha,Casbolt,mcasboltbt@delicious.com,"$55,762.85",Actuary,2016-04-14,1,6
427,Bunny,Silvermann,bsilvermannbu@seesaa.net,"$128,808.81",Safety Technician II,2013-01-13,1,3
428,Willa,Mewton,wmewtonbv@friendfeed.com,"$68,046.94",Associate Professor,2017-04-28,1,6
429,Bjorn,Potzold,bpotzoldbw@imdb.com,"$43,959.08",VP Product Management,2022-12-22,3,7
430,Marmaduke,Fogg,mfoggbx@ihg.com,"$109,467.13",Statistician IV,2016-08-10,6,7
431,Rudy,Hathorn,rhathornby@wordpress.org,"$93,526.32",Project Manager,2017-12-05,3,5
432,Silas,Cauderlie,scauderliebz@people.com.cn,"$69,958.92",Media Manager III,2020-02-11,3,4
433,Allyn,Tollett,atollettc0@blogs.com,"$130,152.67",Media Manager II,2018-01-21,1,7
434,Lazare,Spinola,lspinolac1@twitpic.com,"$134,249.18",Senior Cost Accountant,2024-09-30,3,5
435,Ciel,Strood,cstroodc2@ucoz.ru,"$110,605.15",Safety Technician I,2019-08-23,1,5
436,Ellerey,Northage,enorthagec3@comcast.net,"$60,745.74",VP Product Management,2019-09-08,3,1
437,Bret,Digweed,bdigweedc4@cnet.com,"$46,422.85",VP Accounting,2013-08-07,3,6
438,De,Rosenshine,drosenshinec5@wired.com,"$81,905.17",Budget/Accounting Analyst IV,2020-06-01,1,2
439,Benedetto,Goodspeed,bgoodspeedc6@sakura.ne.jp,"$139,489.88",Geologist III,2024-01-17,3,3
440,Gary,McCrow,gmccrowc7@ebay.co.uk,"$127,201.27",Project Manager,2013-06-20,3,5
441,Cassandre,Paszek,cpaszekc8@furl.net,"$131,708.10",GIS Technical Architect,2023-04-02,1,4
442,Dorice,Trelease,dtreleasec9@unicef.org,"$68,300.38",Actuary,2016-03-18,1,7
443,Quentin,Goldring,qgoldringca@columbia.edu,"$148,105.70",GIS Technical Architect,2018-10-18,1,5
444,Janene,Follit,jfollitcb@europa.eu,"$146,570.93",Analyst Programmer,2021-11-28,1,6
445,Boyd,Barsham,bbarshamcc@rediff.com,"$147,504.76",Administrative Officer,2024-07-12,7,5
446,Isobel,Grigoli,igrigolicd@bloomberg.com,"$85,167.31",Accounting Assistant I,2022-07-16,4,5
447,Cati,Conquest,cconquestce@nasa.gov,"$64,536.44",Paralegal,2012-09-27,1,5
448,Davin,Erangey,derangeycf@cbslocal.com,"$66,532.42",Mechanical Systems Engineer,2022-10-07,3,7
449,Tammie,Doughtery,tdoughterycg@reverbnation.com,"$76,434.24",Nurse,2015-09-18,1,7
450,Karin,Lorne,klornech@census.gov,"$144,051.95",Nurse,2022-12-29,1,7
451,Elvera,Weatherhill,eweatherhillci@virginia.edu,"$57,685.39",Web Developer I,2016-11-20,1,6
452,Archer,Tupman,atupmancj@earthlink.net,"$77,110.27",Recruiter,2016-03-12,3,1
453,Suzie,Harvatt,sharvattck@meetup.com,"$101,488.30",Programmer Analyst II,2014-03-20,7,6
454,Leontyne,Durran,ldurrancl@qq.com,"$137,268.69",Senior Financial Analyst,2016-03-08,1,6
455,Mayer,Beig,mbeigcm@prlog.org,"$55,686.87",Environmental Tech,2014-05-17,4,6
456,Franciskus,Ossenna,fossennacn@indiegogo.com,"$53,624.01",Executive Secretary,2018-10-21,3,7
457,Nisse,Roo,nrooco@tripadvisor.com,"$84,341.44",Senior Editor,2013-05-13,4,7
458,Kipp,Trewhitt,ktrewhittcp@usnews.com,"$51,351.58",Programmer I,2015-11-19,1,4
459,Joshuah,Maron,jmaroncq@elpais.com,"$60,499.86",Analyst Programmer,2019-08-29,3,1
460,Rudyard,Kagan,rkagancr@zdnet.com,"$126,212.45",Research Associate,2022-02-12,3,3
461,Ruby,Ciobotaro,rciobotarocs@pen.io,"$96,679.63",Business Systems Development Analyst,2023-12-25,3,5
462,Dari,Wrighton,dwrightonct@earthlink.net,"$132,720.84",Systems Administrator III,2016-04-24,5,6
463,Alta,Brazener,abrazenercu@berkeley.edu,"$107,964.02",Recruiting Manager,2014-05-24,1,6
464,Jobina,Matoshin,jmatoshincv@tiny.cc,"$31,400.18",Information Systems Manager,2024-01-26,1,2
465,Jacquie,Round,jroundcw@cbsnews.com,"$61,867.56",Marketing Assistant,2017-08-09,2,5
466,Belva,Champness,bchampnesscx@addtoany.com,"$86,312.37",Registered Nurse,2012-10-07,1,5
467,Avrom,Idiens,aidienscy@sourceforge.net,"$58,507.50",Social Worker,2024-06-15,3,1
468,Agretha,Rubinovitsch,arubinovitschcz@last.fm,"$87,403.99",Compensation Analyst,2020-12-17,1,1
469,Sibilla,Crumpe,scrumped0@ucsd.edu,"$92,223.63",Project Manager,2020-07-03,1,4
470,Jennette,Van Salzberger,jvansalzbergerd1@list-manage.com,"$42,932.54",Speech Pathologist,2021-09-08,1,3
471,Harrie,Grimwood,hgrimwoodd2@ed.gov,"$45,769.56",Occupational Therapist,2012-11-14,1,3
472,Quentin,Whates,qwhatesd3@pcworld.com,"$54,069.65",Clinical Specialist,2014-08-08,2,7
473,Meir,McSperrin,mmcsperrind4@sfgate.com,"$146,587.61",Technical Writer,2023-07-13,3,1
474,Julienne,Wrought,jwroughtd5@last.fm,"$142,959.06",Associate Professor,2024-07-27,1,2
475,Kriste,Peebles,kpeeblesd6@msu.edu,"$62,951.46",Human Resources Manager,2013-07-03,1,5
476,Phedra,Glanvill,pglanvilld7@mtv.com,"$113,476.68",Senior Developer,2021-04-24,1,6
477,Ryan,Petrusch,rpetruschd8@amazon.com,"$48,217.36",Nurse Practicioner,2012-03-08,3,4
478,Nady,Van de Vlies,nvandevliesd9@usnews.com,"$131,351.46",Environmental Specialist,2024-07-09,1,3
479,Laina,Lerego,lleregoda@admin.ch,"$141,340.00",GIS Technical Architect,2021-12-21,1,6
480,Merla,Aynsley,maynsleydb@tinypic.com,"$40,931.54",Desktop Support Technician,2023-06-16,1,2
481,Reynard,Soppit,rsoppitdc@tinypic.com,"$69,801.65",Software Engineer III,2023-10-17,3,5
482,Vite,Garbott,vgarbottdd@foxnews.com,"$122,403.03",General Manager,2015-05-29,3,2
483,Brook,Beastall,bbeastallde@prlog.org,"$148,933.36",VP Marketing,2015-12-07,3,1
484,Montgomery,Kiernan,mkiernandf@nps.gov,"$111,248.27",Senior Quality Engineer,2016-05-16,3,7
485,Hayes,Piggins,hpigginsdg@house.gov,"$51,279.56",Mechanical Systems Engineer,2015-05-24,3,6
486,El,Kleen,ekleendh@usgs.gov,"$116,836.45",Dental Hygienist,2020-12-07,3,6
487,Loydie,Binnall,lbinnalldi@who.int,"$142,041.49",Accounting Assistant IV,2016-12-12,3,4
488,Rayna,Rampton,rramptondj@privacy.gov.au,"$91,165.14",Recruiting Manager,2012-03-12,1,7
489,Fremont,Robbings,frobbingsdk@mozilla.com,"$142,705.89",Business Systems Development Analyst,2014-07-07,3,2
490,Natty,Ollerenshaw,nollerenshawdl@deviantart.com,"$141,449.39",Software Engineer I,2015-06-25,8,6
491,Felita,Blackader,fblackaderdm@skype.com,"$59,649.42",Human Resources Manager,2014-01-05,1,1
492,Merv,Fihelly,mfihellydn@uiuc.edu,"$106,642.76",Financial Analyst,2014-09-01,3,6
493,Doti,Brasener,dbrasenerdo@indiegogo.com,"$100,366.83",Staff Scientist,2020-05-12,1,6
494,Pall,Yantsurev,pyantsurevdp@sitemeter.com,"$107,619.67",Marketing Assistant,2022-11-15,3,3
495,Megan,MacCrossan,mmaccrossandq@bigcartel.com,"$127,495.55",Social Worker,2017-11-20,1,6
496,Jorie,Raselles,jrasellesdr@va.gov,"$75,828.74",Marketing Assistant,2014-10-17,1,1
497,Katinka,Swynfen,kswynfends@microsoft.com,"$114,834.54",Research Associate,2024-05-01,1,5
498,Dex,MacGuffie,dmacguffiedt@newyorker.com,"$83,028.16",Occupational Therapist,2014-01-08,3,3
499,Osbourne,Hotton,ohottondu@cloudflare.com,"$66,522.46",Staff Accountant I,2020-03-10,3,4
500,Peg,Arrowsmith,parrowsmithdv@prlog.org,"$42,418.28",Software Consultant,2020-02-15,1,6
501,Sawyere,Boffey,sboffeydw@army.mil,"$87,698.47",Chief Design Engineer,2014-02-28,3,5
502,Marlane,Ambrus,mambrusdx@si.edu,"$66,078.30",Web Designer IV,2020-02-26,5,5
503,Elnore,Pattlel,epattleldy@senate.gov,"$93,830.37",Legal Assistant,2012-09-18,1,7
504,Esta,McLeod,emcleoddz@blogtalkradio.com,"$99,393.07",Quality Control Specialist,2013-05-28,1,3
505,Joann,Finder,jfindere0@de.vu,"$99,027.40",Database Administrator I,2021-02-01,1,2
506,Grantham,Petrolli,gpetrollie1@uol.com.br,"$49,401.95",Associate Professor,2024-03-13,3,5
507,Sayers,Blakeley,sblakeleye2@ed.gov,"$116,843.13",Automation Specialist I,2020-03-04,3,4
508,Roddie,McOwan,rmcowane3@uol.com.br,"$132,449.77",Quality Control Specialist,2014-10-31,3,4
509,Jany,Korfmann,jkorfmanne4@sfgate.com,"$106,264.91",Chemical Engineer,2012-09-05,5,4
510,Allard,Brittain,abrittaine5@drupal.org,"$146,212.40",Occupational Therapist,2023-04-26,6,6
511,Evyn,Twentyman,etwentymane6@feedburner.com,"$122,270.90",Executive Secretary,2020-01-29,3,6
512,Trudy,Tregona,ttregonae7@paginegialle.it,"$119,227.41",Assistant Manager,2016-05-17,1,2
513,Lars,Cicconetti,lcicconettie8@youku.com,"$87,086.96",Business Systems Development Analyst,2014-12-28,3,3
514,Ellwood,Jaumet,ejaumete9@flickr.com,"$135,376.93",Internal Auditor,2021-11-27,3,6
515,Gratiana,Willbond,gwillbondea@harvard.edu,"$31,817.88",Senior Cost Accountant,2021-03-28,1,5
516,Kailey,Scorer,kscorereb@npr.org,"$51,551.12",Project Manager,2020-01-04,1,3
517,Horatia,Crosen,hcrosenec@elegantthemes.com,"$57,226.15",Sales Representative,2021-07-05,4,3
518,Welsh,Schorah,wschorahed@pcworld.com,"$57,426.10",Budget/Accounting Analyst II,2021-03-02,3,7
519,Lars,Bolam,lbolamee@cyberchimps.com,"$78,385.46",Occupational Therapist,2012-08-18,3,5
520,Henrie,Tomczak,htomczakef@columbia.edu,"$61,362.26",Office Assistant IV,2019-02-05,1,5
521,Forest,McDermott,fmcdermotteg@chicagotribune.com,"$70,302.10",Design Engineer,2012-07-05,3,3
522,Kimbra,Smoth,ksmotheh@usa.gov,"$36,553.78",Social Worker,2016-01-05,1,5
523,Josey,Shotboult,jshotboultei@telegraph.co.uk,"$137,930.34",Food Chemist,2015-06-27,1,6
524,Carleton,MacGowing,cmacgowingej@baidu.com,"$79,786.17",Analog Circuit Design manager,2013-08-16,3,4
525,Karlik,Jahan,kjahanek@indiatimes.com,"$140,795.37",Financial Advisor,2015-04-25,3,5
526,Linnet,Shoute,lshouteel@ft.com,"$43,107.94",Assistant Manager,2013-09-24,8,1
527,Ly,Gregol,lgregolem@acquirethisname.com,"$107,896.78",Software Test Engineer IV,2017-10-31,3,5
528,Claudina,Hugnin,chugninen@a8.net,"$129,697.16",Professor,2019-08-14,1,5
529,Henderson,Trencher,htrenchereo@scribd.com,"$144,206.03",Desktop Support Technician,2021-06-28,3,6
530,Batsheva,Pezey,bpezeyep@bloomberg.com,"$52,799.76",Financial Analyst,2022-02-02,1,4
531,Lindsay,Tiffin,ltiffineq@weebly.com,"$85,335.60",Graphic Designer,2015-11-23,1,3
532,Mack,McIlmurray,mmcilmurrayer@slideshare.net,"$34,934.74",VP Sales,2013-06-10,3,2
533,Isidore,Mannooch,imannooches@nsw.gov.au,"$44,390.68",Analyst Programmer,2017-01-23,3,5
534,Eb,Newcomb,enewcombet@geocities.com,"$56,040.23",Nuclear Power Engineer,2023-01-21,8,3
535,Charlene,Velde,cveldeeu@nasa.gov,"$107,263.91",Health Coach II,2023-07-12,1,6
536,Adelice,Lowden,alowdenev@hc360.com,"$50,256.20",Senior Developer,2022-09-27,1,7
537,Stillmann,Allerton,sallertonew@cnet.com,"$84,550.51",Developer I,2018-01-07,3,5
538,Marquita,Connett,mconnettex@bigcartel.com,"$73,558.96",Statistician I,2024-09-28,1,2
539,Lionel,Coombes,lcoombesey@mit.edu,"$77,380.70",Nuclear Power Engineer,2013-02-26,3,2
540,Arlena,Inchcomb,ainchcombez@marketwatch.com,"$74,784.21",VP Marketing,2022-08-02,1,6
541,Jehu,Pechacek,jpechacekf0@studiopress.com,"$137,631.36",Systems Administrator III,2024-01-20,3,6
542,Ian,Healy,ihealyf1@indiegogo.com,"$132,714.48",Electrical Engineer,2017-11-06,3,1
543,Lissi,Hanning,lhanningf2@theatlantic.com,"$75,475.65",Environmental Tech,2022-06-18,8,5
544,Renado,Twamley,rtwamleyf3@umich.edu,"$53,099.46",Environmental Specialist,2018-05-18,3,5
545,Edgar,Wimmer,ewimmerf4@cam.ac.uk,"$82,896.32",Cost Accountant,2015-10-14,3,5
546,Leia,Orrill,lorrillf5@dailymail.co.uk,"$96,399.14",Community Outreach Specialist,2024-02-08,1,4
547,Howey,Helis,hhelisf6@discovery.com,"$69,441.13",Junior Executive,2019-08-22,3,6
548,Gustavus,Flaunders,gflaundersf7@ucoz.com,"$49,660.77",Safety Technician I,2022-12-07,3,1
549,Lebbie,Haggas,lhaggasf8@amazonaws.com,"$125,261.61",Design Engineer,2018-12-03,1,3
550,Lelia,Scroggins,lscrogginsf9@spiegel.de,"$65,665.61",Sales Associate,2015-04-26,1,6
551,Frederic,Gauchier,fgauchierfa@webs.com,"$82,688.98",Engineer IV,2013-08-16,2,5
552,Jozef,Peggrem,jpeggremfb@time.com,"$132,379.59",Occupational Therapist,2021-03-25,3,4
553,Penelopa,Elloy,pelloyfc@rakuten.co.jp,"$61,185.62",Food Chemist,2020-07-14,1,3
554,Jase,Cottisford,jcottisfordfd@slate.com,"$79,571.96",Compensation Analyst,2016-08-09,3,6
555,Risa,Sire,rsirefe@diigo.com,"$35,260.28",Account Coordinator,2016-10-03,1,5
556,West,Yurenev,wyurenevff@addthis.com,"$37,764.63",Teacher,2017-09-23,3,7
557,Brook,Coite,bcoitefg@si.edu,"$145,838.64",Geological Engineer,2019-09-28,3,3
558,Rosabelle,Fosken,rfoskenfh@constantcontact.com,"$127,541.96",Computer Systems Analyst IV,2021-10-10,1,2
559,Cletus,McClenaghan,cmcclenaghanfi@psu.edu,"$63,071.08",VP Marketing,2022-03-10,3,1
560,Leontine,Romain,lromainfj@dell.com,"$142,443.03",Recruiting Manager,2015-04-01,4,7
561,Hartley,Munslow,hmunslowfk@alexa.com,"$57,313.13",VP Accounting,2013-07-26,3,5
562,Amory,Wroe,awroefl@cnbc.com,"$33,136.20",Senior Sales Associate,2013-12-31,3,4
563,Simeon,Woodbridge,swoodbridgefm@hugedomains.com,"$100,982.23",Structural Analysis Engineer,2023-11-15,3,2
564,Milicent,Komorowski,mkomorowskifn@answers.com,"$56,343.76",Product Engineer,2021-01-22,1,2
565,Lanie,Gossipin,lgossipinfo@cafepress.com,"$125,373.46",Occupational Therapist,2018-11-30,1,4
566,Edeline,Dowson,edowsonfp@alibaba.com,"$72,812.47",Nuclear Power Engineer,2013-09-03,1,3
567,Reade,Kemble,rkemblefq@miibeian.gov.cn,"$33,735.32",Speech Pathologist,2017-05-05,3,5
568,Napoleon,Kibard,nkibardfr@symantec.com,"$40,687.61",Data Coordinator,2019-12-17,3,7
569,Kristel,Patterfield,kpatterfieldfs@answers.com,"$134,957.15",Nuclear Power Engineer,2018-12-18,1,3
570,Mal,Foulsham,mfoulshamft@prweb.com,"$78,885.12",Paralegal,2013-06-28,3,6
571,Deena,Swiers,dswiersfu@google.de,"$81,157.05",Sales Representative,2015-05-31,6,1
572,Leonidas,Swan,lswanfv@hhs.gov,"$92,368.60",Software Test Engineer I,2020-10-31,3,4
573,Orelie,Harcombe,oharcombefw@goodreads.com,"$81,572.48",Programmer II,2019-01-05,1,4
574,Sol,Beech,sbeechfx@telegraph.co.uk,"$38,010.52",Project Manager,2024-01-09,3,1
575,Solly,Tamsett,stamsettfy@gmpg.org,"$49,464.15",Programmer II,2016-05-24,3,3
576,Lorilyn,Blessed,lblessedfz@sohu.com,"$90,446.54",Cost Accountant,2020-05-18,1,3
577,Zed,Tureville,zturevilleg0@unc.edu,"$132,238.77",Administrative Officer,2016-05-23,3,7
578,Helene,Forder,hforderg1@devhub.com,"$88,352.89",Recruiter,2017-07-05,1,4
579,Peterus,Lusted,plustedg2@spiegel.de,"$136,666.37",Engineer I,2020-08-10,3,3
580,Miof mela,Bourbon,mbourbong3@cam.ac.uk,"$106,117.95",Data Coordinator,2016-09-05,1,3
581,Rriocard,Stanyon,rstanyong4@weather.com,"$48,002.67",Accounting Assistant I,2017-01-14,3,4
582,Florri,Mahmood,fmahmoodg5@miitbeian.gov.cn,"$104,301.40",Speech Pathologist,2019-05-08,1,3
583,Randene,Timmons,rtimmonsg6@netscape.com,"$125,989.72",Programmer III,2012-06-16,1,6
584,Sydney,Bleue,sbleueg7@marriott.com,"$136,713.29",Statistician III,2013-12-26,8,2
585,Rosaleen,Tisun,rtisung8@fc2.com,"$49,114.41",Data Coordinator,2015-03-05,6,7
586,Derron,Tessier,dtessierg9@cbslocal.com,"$114,540.15",Safety Technician I,2019-11-30,7,6
587,Danita,Stephens,dstephensga@yale.edu,"$61,143.20",Programmer Analyst I,2012-12-27,1,3
588,Filberte,Trosdall,ftrosdallgb@nymag.com,"$86,914.98",Research Assistant III,2022-11-27,8,3
589,Arlen,Baulch,abaulchgc@sciencedirect.com,"$108,229.26",VP Accounting,2016-08-16,3,3
590,Jaymie,Swannick,jswannickgd@stumbleupon.com,"$54,005.32",Automation Specialist III,2017-11-02,3,7
591,Anselm,Duckham,aduckhamge@youtu.be,"$44,692.88",Clinical Specialist,2021-09-30,3,5
592,Tiffi,Pursey,tpurseygf@slate.com,"$39,982.20",Physical Therapy Assistant,2021-02-09,1,6
593,Scarlett,Datte,sdattegg@ibm.com,"$60,158.00",Senior Cost Accountant,2018-06-16,1,2
594,Angelia,Guillond,aguillondgh@spotify.com,"$70,875.06",Assistant Manager,2013-06-14,1,6
595,Griffin,Knagges,gknaggesgi@acquirethisname.com,"$59,375.19",Developer IV,2015-02-24,3,7
596,Madeline,MacKall,mmackallgj@walmart.com,"$30,226.71",Web Developer III,2024-06-03,1,3
597,Sebastien,Brennenstuhl,sbrennenstuhlgk@mysql.com,"$82,933.88",Assistant Professor,2013-07-01,3,5
598,Massimo,Deaville,mdeavillegl@bluehost.com,"$134,910.95",Research Assistant IV,2022-01-11,3,1
599,Meier,Magnar,mmagnargm@webmd.com,"$131,809.78",Senior Sales Associate,2024-07-10,3,3
600,Geri,Nertney,gnertneygn@blogs.com,"$72,037.81",VP Product Management,2013-04-09,3,7
601,Burty,Eldrett,beldrettgo@yolasite.com,"$145,238.53",Cost Accountant,2012-09-02,7,6
602,Rudolph,Juppe,rjuppegp@sourceforge.net,"$34,420.41",Junior Executive,2017-09-07,3,4
603,Ole,Load,oloadgq@wikia.com,"$48,001.40",Chief Design Engineer,2012-02-18,3,4
604,Midge,Kelling,mkellinggr@elegantthemes.com,"$66,762.13",Registered Nurse,2018-10-18,1,1
605,Cristian,Dorin,cdorings@answers.com,"$78,042.87",Structural Analysis Engineer,2024-09-19,3,7
606,Vassili,Ramlot,vramlotgt@themeforest.net,"$64,055.18",Senior Sales Associate,2021-12-02,3,1
607,Carri,Lang,clanggu@w3.org,"$38,356.98",GIS Technical Architect,2012-04-04,1,7
608,Laura,Thame,lthamegv@addthis.com,"$95,158.06",Business Systems Development Analyst,2014-06-08,1,3
609,Ranique,Giovannazzi,rgiovannazzigw@ucsd.edu,"$61,077.93",Budget/Accounting Analyst III,2018-09-24,1,3
610,Tobe,Kose,tkosegx@discovery.com,"$93,444.93",Director of Sales,2014-02-28,3,5
611,Gelya,Winstanley,gwinstanleygy@wikipedia.org,"$123,231.81",Automation Specialist III,2015-06-13,1,3
612,Tamera,Waddilow,twaddilowgz@psu.edu,"$111,139.00",Research Assistant I,2019-05-02,1,1
613,Tallie,Haye,thayeh0@example.com,"$132,129.40",Executive Secretary,2020-05-02,1,7
614,Field,Sutherington,fsutheringtonh1@oracle.com,"$122,858.76",Software Test Engineer IV,2020-12-26,3,6
615,Blondelle,Timmermann,btimmermannh2@state.gov,"$42,786.63",GIS Technical Architect,2016-11-11,1,5
616,Eliza,Cohrs,ecohrsh3@simplemachines.org,"$43,644.13",Librarian,2022-11-17,1,1
617,Yorker,Phipson,yphipsonh4@nymag.com,"$34,254.61",Tax Accountant,2014-11-10,3,2
618,Patton,Iredale,piredaleh5@macromedia.com,"$60,964.62",Operator,2018-03-07,3,2
619,Giovanni,Kenyam,gkenyamh6@jimdo.com,"$91,424.57",Marketing Manager,2023-08-02,3,2
620,Son,Yves,syvesh7@sciencedirect.com,"$61,223.61",VP Marketing,2021-01-04,3,2
621,Kristy,Lowmass,klowmassh8@bizjournals.com,"$127,746.57",Nurse Practicioner,2023-05-08,1,3
622,Maribelle,Itskovitz,mitskovitzh9@hc360.com,"$106,818.89",Environmental Specialist,2013-11-22,1,2
623,Genovera,Tours,gtoursha@irs.gov,"$86,735.31",Compensation Analyst,2013-12-03,1,1
624,Wayne,Gearing,wgearinghb@yellowbook.com,"$112,954.62",Sales Associate,2020-04-29,3,1
625,Junie,Greenly,jgreenlyhc@vinaora.com,"$41,881.65",Web Developer II,2014-08-04,1,5
626,Emlynne,Noir,enoirhd@icq.com,"$45,596.04",Recruiting Manager,2020-03-12,7,7
627,Carmita,Clopton,ccloptonhe@macromedia.com,"$128,551.81",Engineer IV,2017-11-23,1,6
628,Walsh,Fatkin,wfatkinhf@theguardian.com,"$129,051.49",Automation Specialist IV,2021-06-21,3,5
629,Karel,Ferreo,kferreohg@ca.gov,"$103,232.74",Geological Engineer,2016-09-27,3,4
630,Cordy,Defries,cdefrieshh@delicious.com,"$144,788.66",Sales Associate,2015-09-25,5,7
631,Michel,Gerbel,mgerbelhi@irs.gov,"$32,907.24",Analog Circuit Design manager,2016-03-10,1,4
632,Herman,Peerman,hpeermanhj@digg.com,"$54,972.07",Assistant Manager,2024-07-05,3,3
633,Bil,Hallett,bhalletthk@newsvine.com,"$34,224.83",Staff Accountant II,2021-04-01,3,2
634,Sasha,Inkster,sinksterhl@behance.net,"$90,544.04",Accountant II,2020-11-13,1,3
635,Joachim,Cockren,jcockrenhm@foxnews.com,"$72,872.50",Physical Therapy Assistant,2016-04-17,3,1
636,Randi,Tremayne,rtremaynehn@nymag.com,"$52,831.38",Recruiter,2017-11-09,3,6
637,Aurore,McMeeking,amcmeekingho@vinaora.com,"$109,552.18",Software Consultant,2013-04-28,1,1
638,Hallsy,Poznan,hpoznanhp@cpanel.net,"$89,456.66",Senior Financial Analyst,2020-11-06,3,7
639,Damita,Amiable,damiablehq@wikia.com,"$104,638.82",Environmental Tech,2014-04-05,1,7
640,Felicia,Waumsley,fwaumsleyhr@techcrunch.com,"$71,718.68",Software Engineer IV,2013-11-14,1,5
641,Kin,Shirt,kshirths@newsvine.com,"$60,622.10",Staff Scientist,2017-08-22,3,5
642,Garner,Gosswell,ggosswellht@ycombinator.com,"$104,803.65",Senior Sales Associate,2023-01-07,3,4
643,Stanwood,Kittman,skittmanhu@google.ca,"$140,139.12",Recruiting Manager,2023-07-20,3,4
644,Tiebout,Works,tworkshv@over-blog.com,"$79,120.69",General Manager,2022-12-10,3,3
645,Felix,Sauter,fsauterhw@simplemachines.org,"$138,641.64",Teacher,2015-03-15,3,1
646,Joby,Chadd,jchaddhx@newyorker.com,"$113,005.96",Food Chemist,2012-03-15,1,6
647,Louie,Razoux,lrazouxhy@aol.com,"$41,701.69",Dental Hygienist,2012-09-11,2,6
648,Dasha,Gordon,dgordonhz@dailymotion.com,"$70,091.80",Media Manager IV,2015-01-20,1,5
649,Tamera,Baggally,tbaggallyi0@xrea.com,"$131,450.30",Senior Editor,2022-03-04,1,4
650,Lazar,Maybury,lmayburyi1@mapy.cz,"$61,102.40",Human Resources Assistant I,2024-04-22,3,2
651,Huntington,Kubicek,hkubiceki2@ftc.gov,"$58,712.82",Assistant Manager,2018-06-03,7,4
652,Odilia,Schild,oschildi3@ovh.net,"$97,912.77",Clinical Specialist,2022-08-01,1,1
653,Filia,Colliar,fcolliari4@buzzfeed.com,"$124,649.50",Recruiter,2016-06-30,1,5
654,Hamlen,Hehl,hhehli5@jiathis.com,"$85,552.74",Media Manager II,2021-11-18,3,3
655,Alejandro,Philpotts,aphilpottsi6@skype.com,"$145,291.94",Budget/Accounting Analyst IV,2020-12-09,3,4
656,Leoline,Fordyce,lfordycei7@google.de,"$102,645.28",Help Desk Technician,2016-04-29,1,2
657,Deane,Ritzman,dritzmani8@cbslocal.com,"$31,518.45",Cost Accountant,2017-01-15,3,2
658,Fabe,Fleay,ffleayi9@msu.edu,"$89,344.70",Dental Hygienist,2017-11-05,3,7
659,Lenna,Jerson,ljersonia@arizona.edu,"$35,897.45",Editor,2012-09-02,1,7
660,Clarke,Dudin,cdudinib@dailymotion.com,"$129,428.97",Recruiter,2020-02-12,3,6
661,Carmela,Royall,croyallic@creativecommons.org,"$43,976.54",Web Developer IV,2014-03-03,4,7
662,Rustie,Dearsley,rdearsleyid@shinystat.com,"$74,854.36",Computer Systems Analyst I,2022-03-10,3,6
663,Horacio,Colvin,hcolvinie@51.la,"$121,669.53",Structural Analysis Engineer,2013-04-29,3,6
664,Nikaniki,Popeley,npopeleyif@shareasale.com,"$129,201.25",Administrative Officer,2023-12-18,1,2
665,Katlin,McManamen,kmcmanamenig@cdc.gov,"$42,689.98",Senior Cost Accountant,2016-09-19,1,4
666,Georgie,Curran,gcurranih@tmall.com,"$35,660.11",Marketing Assistant,2016-02-06,3,3
667,Kippie,Norsworthy,knorsworthyii@aol.com,"$57,081.34",Automation Specialist II,2014-02-17,1,7
668,Jamaal,Broke,jbrokeij@oakley.com,"$136,828.54",Tax Accountant,2022-08-14,3,7
669,Jule,Dreghorn,jdreghornik@smugmug.com,"$131,692.40",Compensation Analyst,2016-11-13,3,1
670,Nefen,Ovendon,novendonil@constantcontact.com,"$106,212.41",Help Desk Operator,2018-02-25,3,7
671,Nicholle,Botterell,nbotterellim@purevolume.com,"$32,031.59",VP Quality Control,2019-11-12,1,6
672,Avis,Scadding,ascaddingin@qq.com,"$97,730.74",Recruiter,2023-03-19,1,6
673,Ade,Loweth,alowethio@furl.net,"$46,582.37",Civil Engineer,2018-07-22,3,3
674,Bev,Di Biaggi,bdibiaggiip@moonfruit.com,"$68,132.52",Editor,2021-12-29,3,5
675,Marlin,Dennert,mdennertiq@usatoday.com,"$77,246.80",Research Associate,2016-06-06,3,5
676,Bruis,Delacourt,bdelacourtir@biblegateway.com,"$112,547.33",Accountant IV,2014-08-16,3,5
677,Simonne,Mobley,smobleyis@miitbeian.gov.cn,"$44,272.84",Web Designer I,2014-06-28,1,6
678,Brooks,Rault,braultit@squarespace.com,"$132,954.61",Quality Engineer,2015-12-27,1,2
679,Tiffany,Timbridge,ttimbridgeiu@sciencedaily.com,"$54,601.49",VP Sales,2023-07-05,1,3
680,Mirna,Fabri,mfabriiv@unicef.org,"$52,231.64",Structural Analysis Engineer,2013-08-20,1,4
681,Austine,Asp,aaspiw@dedecms.com,"$57,933.31",Senior Developer,2018-08-06,1,3
682,Ginni,Fusco,gfuscoix@google.es,"$64,668.93",Marketing Manager,2012-08-18,1,1
683,Wolf,Cheeld,wcheeldiy@bravesites.com,"$86,596.09",Registered Nurse,2023-10-08,3,2
684,Gina,Gratrex,ggratrexiz@yahoo.com,"$117,675.70",Media Manager III,2016-01-25,1,1
685,Goraud,Francais,gfrancaisj0@vk.com,"$143,251.00",Software Engineer II,2019-09-18,3,7
686,Kendell,Spoure,kspourej1@slashdot.org,"$95,919.62",VP Marketing,2015-07-21,3,6
687,Sloan,Pitcaithley,spitcaithleyj2@hud.gov,"$107,998.81",Tax Accountant,2019-03-10,3,2
688,Ted,Wheeler,twheelerj3@taobao.com,"$137,606.10",Data Coordinator,2019-05-13,6,7
689,Zebadiah,Northridge,znorthridgej4@biblegateway.com,"$64,413.30",Biostatistician I,2019-07-02,3,2
690,Bastien,Woosnam,bwoosnamj5@chron.com,"$133,956.19",Web Developer IV,2024-11-10,3,2
691,Mallory,Dessent,mdessentj6@163.com,"$83,834.53",Senior Developer,2023-05-02,3,4
692,Malissia,Punyer,mpunyerj7@house.gov,"$112,070.63",Junior Executive,2024-07-21,1,1
693,Abelard,Sallier,asallierj8@phpbb.com,"$92,100.07",Chemical Engineer,2022-01-04,3,4
694,Flore,Santello,fsantelloj9@g.co,"$106,538.77",Human Resources Assistant IV,2019-04-30,1,3
695,Lucille,Sturte,lsturteja@noaa.gov,"$110,484.68",Payment Adjustment Coordinator,2024-02-14,1,4
696,Artus,Tankard,atankardjb@businesswire.com,"$72,181.71",Software Consultant,2024-08-16,3,3
697,Donall,Helks,dhelksjc@mozilla.org,"$111,785.85",Associate Professor,2021-03-22,3,2
698,Berenice,Willock,bwillockjd@jiathis.com,"$136,748.89",GIS Technical Architect,2018-07-31,1,4
699,Joeann,Gapp,jgappje@google.ca,"$122,855.70",General Manager,2015-05-14,1,7
700,Tybi,Eversfield,teversfieldjf@symantec.com,"$64,503.86",Internal Auditor,2019-05-12,1,1
701,Caril,Feeham,cfeehamjg@booking.com,"$133,379.28",Media Manager I,2021-12-06,1,6
702,Garold,Montacute,gmontacutejh@dot.gov,"$99,363.15",Systems Administrator IV,2022-11-14,3,3
703,Jerrome,Parkyn,jparkynji@smugmug.com,"$100,615.74",Sales Representative,2012-08-14,3,4
704,Davy,Merriment,dmerrimentjj@xing.com,"$38,256.59",Office Assistant IV,2017-01-24,3,2
705,Chelsey,Danbrook,cdanbrookjk@pinterest.com,"$113,361.86",Structural Analysis Engineer,2021-08-23,1,6
706,Shea,McTavish,smctavishjl@biblegateway.com,"$95,814.68",Assistant Manager,2023-02-10,3,1
707,Tucky,Durnall,tdurnalljm@friendfeed.com,"$146,080.78",Design Engineer,2019-08-14,3,1
708,Rhoda,Artindale,rartindalejn@ftc.gov,"$143,906.21",VP Product Management,2014-06-15,1,2
709,Joice,Farens,jfarensjo@twitter.com,"$105,207.03",Safety Technician IV,2022-08-11,1,1
710,Alain,Hovenden,ahovendenjp@reference.com,"$91,092.47",VP Sales,2020-04-07,3,6
711,Alex,Swinburn,aswinburnjq@auda.org.au,"$31,288.29",VP Product Management,2018-01-13,3,3
712,Madlen,Smitton,msmittonjr@nytimes.com,"$131,182.54",Teacher,2024-04-09,1,2
713,Welby,Le Huquet,wlehuquetjs@ifeng.com,"$75,018.60",Community Outreach Specialist,2014-12-12,2,2
714,Rollins,O'Cullinane,rocullinanejt@barnesandnoble.com,"$91,101.04",Chemical Engineer,2013-05-01,3,7
715,Frasquito,Yellop,fyellopju@aol.com,"$117,711.56",Structural Analysis Engineer,2022-09-08,6,1
716,Ynez,Lowrie,ylowriejv@is.gd,"$41,034.77",Account Executive,2014-01-30,1,1
717,Steffen,Brunstan,sbrunstanjw@sitemeter.com,"$132,434.15",Pharmacist,2012-01-05,3,2
718,Tomkin,Screas,tscreasjx@eventbrite.com,"$107,087.86",Account Coordinator,2021-12-31,3,4
719,Dasya,Hicken,dhickenjy@shinystat.com,"$55,835.85",Compensation Analyst,2021-01-16,1,2
720,Jenda,Woodhams,jwoodhamsjz@storify.com,"$119,858.67",Marketing Assistant,2016-08-06,1,6
721,Catrina,Borgnet,cborgnetk0@youtube.com,"$42,842.55",General Manager,2017-05-22,1,5
722,Roi,Dursley,rdursleyk1@whitehouse.gov,"$135,380.01",Payment Adjustment Coordinator,2017-01-18,3,6
723,Christoph,Juniper,cjuniperk2@altervista.org,"$112,779.21",Account Coordinator,2020-11-09,3,3
724,Rik,Beddoe,rbeddoek3@statcounter.com,"$47,168.67",Software Test Engineer IV,2022-07-25,3,7
725,Britteny,Mayzes,bmayzesk4@answers.com,"$95,043.80",Environmental Tech,2021-04-13,1,1
726,Humbert,Dirand,hdirandk5@europa.eu,"$76,540.26",Structural Engineer,2015-11-15,8,6
727,Bobina,Dehm,bdehmk6@mayoclinic.com,"$118,768.92",Programmer Analyst IV,2022-09-09,1,2
728,Josefa,Symcoxe,jsymcoxek7@abc.net.au,"$97,403.50",Accounting Assistant I,2016-12-21,1,6
729,Lorin,Conkay,lconkayk8@netvibes.com,"$115,402.03",Executive Secretary,2022-04-18,3,5
730,Prisca,Rosekilly,prosekillyk9@simplemachines.org,"$122,491.06",Assistant Professor,2024-09-25,1,5
731,See,Fauning,sfauningka@wp.com,"$39,698.73",Administrative Officer,2017-09-03,3,4
732,Izzy,Andryushin,iandryushinkb@boston.com,"$38,052.08",VP Product Management,2024-04-09,3,5
733,Emmett,Adiscot,eadiscotkc@tuttocitta.it,"$138,461.43",Information Systems Manager,2019-11-24,3,2
734,Stearne,Merrington,smerringtonkd@blogspot.com,"$97,509.63",Database Administrator I,2020-03-12,3,7
735,Charla,Cracie,ccracieke@admin.ch,"$83,904.89",Marketing Manager,2019-12-19,1,3
736,Kaitlin,Goodyer,kgoodyerkf@squidoo.com,"$107,505.78",Account Executive,2022-02-02,1,1
737,Fonsie,Baccas,fbaccaskg@epa.gov,"$103,044.83",Paralegal,2017-08-15,2,2
738,Justus,Pickup,jpickupkh@list-manage.com,"$67,515.36",Sales Associate,2015-08-21,3,1
739,Mohammed,Rundall,mrundallki@nydailynews.com,"$41,472.72",Computer Systems Analyst I,2018-04-21,3,6
740,Englebert,Lightfoot,elightfootkj@ucla.edu,"$98,509.16",Operator,2018-01-04,3,5
741,Mario,Maasze,mmaaszekk@list-manage.com,"$50,274.89",Senior Financial Analyst,2023-07-24,3,3
742,Elonore,Sellors,esellorskl@vimeo.com,"$53,176.09",Account Representative IV,2016-03-16,1,1
743,Rebbecca,Sinclar,rsinclarkm@alibaba.com,"$99,325.32",Research Nurse,2023-10-13,1,1
744,Eugenius,Panting,epantingkn@arizona.edu,"$96,660.79",VP Product Management,2022-06-10,3,6
745,Phebe,Chate,pchateko@ifeng.com,"$38,667.67",Help Desk Technician,2016-02-23,1,6
746,Rufus,Berrill,rberrillkp@wufoo.com,"$133,856.84",Food Chemist,2023-09-07,3,2
747,Emmi,Haly,ehalykq@wisc.edu,"$130,662.01",Chief Design Engineer,2012-06-02,1,1
748,Jo-ann,Orpen,jorpenkr@army.mil,"$87,259.62",Quality Control Specialist,2015-10-21,1,6
749,Lida,Claughton,lclaughtonks@psu.edu,"$142,655.65",Quality Engineer,2021-04-26,1,6
750,Errick,Zum Felde,ezumfeldekt@dailymail.co.uk,"$128,679.45",Project Manager,2019-12-15,3,1
751,Bryanty,Firebrace,bfirebraceku@mediafire.com,"$124,589.98",Registered Nurse,2017-08-16,3,2
752,Oralie,Robinett,orobinettkv@ycombinator.com,"$55,552.44",Financial Analyst,2021-01-20,1,5
753,Gerrie,Cowern,gcowernkw@ameblo.jp,"$109,658.32",Administrative Officer,2012-09-21,3,6
754,Lesly,Popeley,lpopeleykx@tiny.cc,"$115,537.20",Quality Control Specialist,2012-04-13,1,4
755,Benny,Bettis,bbettisky@linkedin.com,"$74,221.35",Editor,2014-04-06,1,4
756,Judi,Janic,jjanickz@simplemachines.org,"$90,110.47",Executive Secretary,2023-11-04,1,3
757,Leonhard,McIlmurray,lmcilmurrayl0@acquirethisname.com,"$149,684.57",Tax Accountant,2015-11-30,3,6
758,Vittoria,Poundesford,vpoundesfordl1@cmu.edu,"$74,754.25",Tax Accountant,2020-07-04,1,3
759,Kristi,Davley,kdavleyl2@sourceforge.net,"$124,999.39",Recruiting Manager,2017-05-08,1,5
760,Reg,McKechnie,rmckechniel3@cdc.gov,"$43,130.51",Actuary,2021-02-16,3,5
761,Marilin,Aitkenhead,maitkenheadl4@blogtalkradio.com,"$130,859.66",Community Outreach Specialist,2023-06-07,1,6
762,Fritz,Doust,fdoustl5@sbwire.com,"$144,930.94",Desktop Support Technician,2014-11-01,3,3
763,Joellyn,Dennehy,jdennehyl6@issuu.com,"$58,033.34",Librarian,2019-06-24,1,6
764,Morten,Snodden,msnoddenl7@slate.com,"$103,617.31",Staff Accountant IV,2016-08-31,3,6
765,Janean,Brockest,jbrockestl8@privacy.gov.au,"$127,441.89",Marketing Assistant,2024-04-29,1,5
766,Georgeta,Danielou,gdanieloul9@deliciousdays.com,"$138,937.63",Administrative Officer,2021-09-13,1,1
767,Wye,Vasilchikov,wvasilchikovla@gov.uk,"$55,625.95",Payment Adjustment Coordinator,2018-11-29,3,3
768,Mel,Van der Hoven,mvanderhovenlb@oaic.gov.au,"$130,837.86",Developer IV,2016-09-21,3,4
769,Catha,Bonnyson,cbonnysonlc@ehow.com,"$59,294.85",Teacher,2021-09-09,1,7
770,Far,Murdy,fmurdyld@smugmug.com,"$73,662.83",Associate Professor,2023-02-12,3,3
771,Adrienne,Pococke,apocockele@hud.gov,"$130,739.53",Business Systems Development Analyst,2014-02-22,1,4
772,Tan,Abramowsky,tabramowskylf@xing.com,"$148,099.29",VP Marketing,2012-10-19,3,2
773,Parrnell,Rottery,protterylg@pcworld.com,"$149,079.25",Quality Control Specialist,2023-12-13,3,1
774,Virgina,Bortoluzzi,vbortoluzzilh@gizmodo.com,"$118,333.38",Financial Advisor,2020-05-12,4,4
775,Nada,Jeffers,njeffersli@youku.com,"$80,230.15",Paralegal,2018-03-21,1,2
776,Roz,Kiddle,rkiddlelj@liveinternet.ru,"$49,312.06",Developer II,2015-12-27,1,7
777,Cody,Aslett,caslettlk@linkedin.com,"$52,192.59",Safety Technician III,2015-04-04,3,4
778,Shayne,Rhymer,srhymerll@columbia.edu,"$148,814.34",Automation Specialist III,2014-01-23,3,3
779,Kenton,Gouldstone,kgouldstonelm@bloomberg.com,"$118,559.33",Executive Secretary,2014-05-03,3,7
780,Hamil,Dodding,hdoddingln@phoca.cz,"$80,272.87",Account Coordinator,2023-11-05,3,5
781,Erinn,McTerlagh,emcterlaghlo@quantcast.com,"$50,492.67",Staff Scientist,2014-07-27,1,5
782,Bendix,Tieman,btiemanlp@princeton.edu,"$139,913.50",Librarian,2017-03-02,3,1
783,Jonas,Farlow,jfarlowlq@accuweather.com,"$111,638.77",VP Sales,2023-03-13,3,1
784,Lurline,Reignould,lreignouldlr@drupal.org,"$147,080.20",VP Sales,2023-11-01,1,1
785,Vittorio,Tollerton,vtollertonls@chronoengine.com,"$137,514.35",Senior Developer,2012-07-25,3,5
786,Angeli,Kharchinski,akharchinskilt@alibaba.com,"$92,769.12",Editor,2013-12-17,3,3
787,Ellynn,Larmour,elarmourlu@reddit.com,"$60,349.18",Project Manager,2014-08-31,1,2
788,Raynor,Ibbetson,ribbetsonlv@microsoft.com,"$37,846.93",Help Desk Technician,2014-04-04,3,2
789,Tymon,Zuanelli,tzuanellilw@mashable.com,"$148,787.77",Pharmacist,2021-04-02,3,4
790,Raquela,Leetham,rleethamlx@jalbum.net,"$74,132.07",Nuclear Power Engineer,2020-02-23,8,4
791,Yoko,Heine,yheinely@list-manage.com,"$43,362.22",Research Assistant II,2018-09-20,1,2
792,Rurik,D'Antonio,rdantoniolz@newsvine.com,"$52,867.47",Help Desk Operator,2017-12-15,3,1
793,Catina,Edgecombe,cedgecombem0@shutterfly.com,"$119,822.48",Information Systems Manager,2024-10-07,1,6
794,Niel,Stairmand,nstairmandm1@w3.org,"$144,635.44",Quality Engineer,2019-07-17,3,7
795,Emanuel,Dagg,edaggm2@bbb.org,"$47,521.01",Research Associate,2018-05-25,3,4
796,Clari,Boarer,cboarerm3@msu.edu,"$113,696.16",Assistant Manager,2017-06-22,8,2
797,Alexi,Brind,abrindm4@blogger.com,"$100,168.01",Director of Sales,2024-06-14,1,6
798,Colleen,Humphris,chumphrism5@tinypic.com,"$61,561.42",Operator,2012-01-31,2,5
799,Correna,Wandrach,cwandrachm6@fda.gov,"$110,989.29",Chemical Engineer,2015-12-13,1,6
800,Reider,Edelston,redelstonm7@tumblr.com,"$114,089.96",Statistician III,2016-06-17,3,1
801,Vance,Dursley,vdursleym8@a8.net,"$128,312.52",Senior Sales Associate,2021-08-03,3,2
802,Katha,Burtwhistle,kburtwhistlem9@vk.com,"$103,821.85",Associate Professor,2018-11-01,1,3
803,Mehetabel,Burrows,mburrowsma@simplemachines.org,"$52,786.93",Recruiter,2020-04-20,1,6
804,Maurita,Winterbottom,mwinterbottommb@miitbeian.gov.cn,"$81,884.41",Paralegal,2022-10-14,2,2
805,Cindi,Finley,cfinleymc@wsj.com,"$73,340.06",Software Engineer II,2021-11-19,5,2
806,Atalanta,Dyster,adystermd@deliciousdays.com,"$30,223.74",Help Desk Technician,2023-12-25,1,2
807,Ennis,Soffe,esoffeme@biglobe.ne.jp,"$79,714.63",Geologist III,2024-08-02,3,1
808,Katherine,Golthorpp,kgolthorppmf@com.com,"$123,097.76",Community Outreach Specialist,2013-08-15,1,7
809,Berti,Melding,bmeldingmg@scientificamerican.com,"$31,907.63",Assistant Professor,2012-02-24,3,1
810,Coleen,Vittore,cvittoremh@clickbank.net,"$52,693.59",Senior Sales Associate,2015-12-17,1,4
811,Bibby,Tift,btiftmi@sogou.com,"$137,177.57",Physical Therapy Assistant,2015-06-08,1,2
812,Roseanna,Sissland,rsisslandmj@sitemeter.com,"$93,999.99",Marketing Assistant,2023-11-06,1,6
813,Lovell,Waymont,lwaymontmk@uol.com.br,"$55,017.65",Account Coordinator,2014-06-29,3,5
814,Mabel,Chestnutt,mchestnuttml@fastcompany.com,"$101,353.77",Senior Sales Associate,2024-06-07,1,5
815,Gustie,Cone,gconemm@cam.ac.uk,"$97,516.02",Social Worker,2023-12-30,1,5
816,Katti,Kennington,kkenningtonmn@altervista.org,"$68,140.26",Senior Developer,2024-08-18,1,3
817,Meier,Wimlet,mwimletmo@ftc.gov,"$40,689.54",Nurse Practicioner,2023-05-20,6,2
818,Rice,Shortcliffe,rshortcliffemp@marriott.com,"$110,272.16",Research Associate,2019-02-04,3,4
819,Kare,Hindmoor,khindmoormq@xrea.com,"$63,835.64",Sales Associate,2022-09-27,2,1
820,Gibb,Southey,gsoutheymr@live.com,"$146,246.24",Marketing Assistant,2021-09-04,3,1
821,Katya,Curlis,kcurlisms@nyu.edu,"$88,250.54",Assistant Manager,2013-08-18,1,6
822,Rebekah,Szymczyk,rszymczykmt@istockphoto.com,"$67,281.77",Analog Circuit Design manager,2013-09-23,1,1
823,Dallas,Minister,dministermu@cornell.edu,"$126,897.64",Account Coordinator,2023-03-06,3,3
824,Marieann,Clorley,mclorleymv@xing.com,"$37,117.91",Sales Representative,2024-02-25,1,2
825,Zak,Holworth,zholworthmw@utexas.edu,"$131,416.54",Business Systems Development Analyst,2012-01-15,7,6
826,Pyotr,Lucus,plucusmx@jimdo.com,"$149,420.75",Speech Pathologist,2024-11-26,3,5
827,Pru,Pettko,ppettkomy@sitemeter.com,"$122,847.58",VP Product Management,2017-11-27,1,5
828,Burgess,Scoon,bscoonmz@reference.com,"$128,926.22",Administrative Assistant III,2019-02-09,2,5
829,Thoma,McCallum,tmccallumn0@360.cn,"$69,632.08",Senior Developer,2013-05-25,3,5
830,Willie,Ducrow,wducrown1@cnbc.com,"$124,191.95",Clinical Specialist,2012-03-03,3,3
831,Hanna,Sandeland,hsandelandn2@cnn.com,"$31,264.06",Accountant I,2020-02-04,1,7
832,Jedediah,Laister,jlaistern3@prweb.com,"$120,418.92",Accountant IV,2012-01-31,3,7
833,Randee,Bortoli,rbortolin4@flavors.me,"$40,332.69",Human Resources Assistant II,2024-03-16,1,4
834,Faina,Collings,fcollingsn5@unblog.fr,"$136,057.31",Accountant IV,2021-12-05,1,2
835,Johnath,Harbage,jharbagen6@washington.edu,"$66,810.95",Safety Technician III,2017-01-22,1,1
836,Gavan,Barbrick,gbarbrickn7@bbb.org,"$31,492.26",VP Product Management,2024-07-19,3,4
837,Ethelind,Brogini,ebroginin8@hud.gov,"$93,773.90",Payment Adjustment Coordinator,2021-07-11,1,3
838,Amy,Markwick,amarkwickn9@elegantthemes.com,"$36,334.70",Analog Circuit Design manager,2023-05-04,1,6
839,Myrtle,Hubbold,mhubboldna@arizona.edu,"$47,358.17",Safety Technician III,2014-09-06,1,6
840,Pippy,Carous,pcarousnb@icio.us,"$130,090.53",Occupational Therapist,2016-03-23,1,7
841,Park,Birney,pbirneync@msu.edu,"$46,089.96",Software Consultant,2019-06-24,3,7
842,Ambrose,Coundley,acoundleynd@multiply.com,"$121,944.47",Safety Technician II,2019-10-23,3,4
843,Cathe,Dodwell,cdodwellne@multiply.com,"$64,969.44",Account Executive,2021-03-03,1,6
844,Lilllie,Learmonth,llearmonthnf@dyndns.org,"$83,885.19",Account Executive,2022-11-20,1,7
845,Natale,Pengelly,npengellyng@cyberchimps.com,"$68,666.40",Marketing Assistant,2015-01-03,3,1
846,Stanleigh,Digance,sdigancenh@dot.gov,"$73,430.16",Occupational Therapist,2022-09-03,3,6
847,Maure,Twaite,mtwaiteni@mozilla.com,"$81,943.31",Nurse Practicioner,2013-09-23,1,4
848,Silvain,Eckhard,seckhardnj@walmart.com,"$68,067.01",Senior Sales Associate,2012-10-04,3,7
849,Ode,Lanceley,olanceleynk@nasa.gov,"$42,078.39",Nuclear Power Engineer,2021-03-18,3,3
850,Beaufort,Roskruge,broskrugenl@newsvine.com,"$91,745.96",Tax Accountant,2015-07-23,3,4
851,Aeriela,Lutman,alutmannm@ask.com,"$58,079.00",Research Nurse,2018-06-10,6,4
852,Mireille,Ivey,miveynn@dot.gov,"$144,174.38",Pharmacist,2012-11-05,1,5
853,Burtie,Ellinor,bellinorno@wisc.edu,"$64,493.80",VP Product Management,2021-09-08,3,4
854,Fanny,Willgrass,fwillgrassnp@facebook.com,"$110,454.70",Nuclear Power Engineer,2018-10-23,1,5
855,Elisabet,Ravillas,eravillasnq@bandcamp.com,"$68,873.12",VP Sales,2024-07-20,1,7
856,Jody,Menichelli,jmenichellinr@feedburner.com,"$112,303.73",Electrical Engineer,2017-09-04,3,1
857,Clim,Domingues,cdominguesns@smugmug.com,"$45,875.84",Software Consultant,2017-03-27,3,5
858,Brady,Timson,btimsonnt@kickstarter.com,"$34,132.97",Payment Adjustment Coordinator,2017-05-11,3,7
859,Artur,Fendlow,afendlownu@yellowbook.com,"$141,762.12",Recruiting Manager,2020-01-13,3,6
860,Pamelina,Woodhall,pwoodhallnv@prlog.org,"$120,263.69",Data Coordinator,2016-06-24,1,6
861,Gale,Ingall,gingallnw@tuttocitta.it,"$137,468.62",Desktop Support Technician,2014-05-21,3,7
862,Leonard,McBay,lmcbaynx@xrea.com,"$114,594.59",Programmer IV,2013-02-17,3,5
863,Madlin,Fesby,mfesbyny@altervista.org,"$123,651.28",VP Sales,2016-11-09,1,3
864,Renie,Massen,rmassennz@opera.com,"$50,409.16",Design Engineer,2024-08-24,1,3
865,Randy,Gullen,rgulleno0@histats.com,"$122,562.76",Editor,2015-08-23,1,3
866,Derry,Gallamore,dgallamoreo1@dedecms.com,"$41,254.29",Analog Circuit Design manager,2014-08-10,3,2
867,Maribeth,Dupoy,mdupoyo2@naver.com,"$84,837.45",Nurse Practicioner,2012-01-10,1,7
868,Parke,Kindell,pkindello3@quantcast.com,"$50,735.40",Technical Writer,2017-12-27,3,6
869,Worthington,Teideman,wteidemano4@utexas.edu,"$31,673.56",Chief Design Engineer,2022-06-16,3,7
870,Allsun,Grishanov,agrishanovo5@friendfeed.com,"$121,501.47",Food Chemist,2015-06-04,4,2
871,Xavier,Donisi,xdonisio6@twitpic.com,"$103,757.08",Nuclear Power Engineer,2017-08-08,3,7
872,Berthe,Friskey,bfriskeyo7@scientificamerican.com,"$98,963.42",Chemical Engineer,2015-01-09,1,3
873,Linnie,Olyet,lolyeto8@trellian.com,"$143,033.19",Clinical Specialist,2016-12-06,1,5
874,Tawsha,Haet,thaeto9@barnesandnoble.com,"$93,940.76",Safety Technician II,2012-12-31,1,4
875,Stormie,Drinkhall,sdrinkhalloa@goo.ne.jp,"$101,804.84",Accountant I,2014-09-07,1,7
876,Fonzie,Audiss,faudissob@oakley.com,"$67,532.39",Senior Financial Analyst,2021-09-19,3,3
877,Moss,Townshend,mtownshendoc@weebly.com,"$80,428.96",Environmental Specialist,2017-10-30,3,4
878,Claudell,Moutray Read,cmoutrayreadod@time.com,"$79,318.08",Assistant Manager,2022-07-31,3,2
879,Bat,Paschek,bpaschekoe@amazon.co.uk,"$124,563.90",Director of Sales,2022-02-10,3,5
880,Lenard,Tilliards,ltilliardsof@rakuten.co.jp,"$96,469.90",Clinical Specialist,2015-02-13,3,3
881,Hammad,Aggs,haggsog@whitehouse.gov,"$86,935.25",Senior Editor,2015-06-27,3,2
882,Harlin,O' Gara,hogaraoh@opera.com,"$96,087.11",Information Systems Manager,2016-09-14,3,7
883,Brena,Wandrack,bwandrackoi@google.com,"$94,230.77",Civil Engineer,2024-07-01,1,1
884,Emanuele,Kinvig,ekinvigoj@wix.com,"$87,156.48",VP Quality Control,2014-07-15,8,6
885,Vic,Yes,vyesok@dropbox.com,"$38,935.34",Marketing Manager,2014-01-01,3,6
886,Rita,Pedrielli,rpedrielliol@miitbeian.gov.cn,"$70,419.99",Statistician I,2013-09-11,4,2
887,Gabriele,Rolls,grollsom@illinois.edu,"$35,879.03",Dental Hygienist,2021-11-08,3,7
888,Bendick,Klimkin,bklimkinon@reuters.com,"$50,924.36",Desktop Support Technician,2020-12-10,3,5
889,Lorita,Munt,lmuntoo@wunderground.com,"$45,743.47",Human Resources Manager,2021-12-20,1,1
890,Jamey,Lowen,jlowenop@cnet.com,"$144,699.14",Associate Professor,2017-07-12,3,2
891,Marillin,Mawtus,mmawtusoq@sohu.com,"$67,723.34",Physical Therapy Assistant,2024-12-04,1,4
892,Babbette,Spinke,bspinkeor@army.mil,"$46,959.87",Quality Control Specialist,2014-06-09,1,4
893,Maureene,Evitts,mevittsos@paginegialle.it,"$92,808.83",Accountant III,2019-03-21,1,1
894,Leone,Pickthorne,lpickthorneot@privacy.gov.au,"$46,874.38",Marketing Manager,2021-12-14,1,4
895,Mario,Dallinder,mdallinderou@prnewswire.com,"$120,972.87",Environmental Specialist,2020-04-03,3,3
896,Randi,Crossthwaite,rcrossthwaiteov@slashdot.org,"$61,704.23",Safety Technician IV,2013-04-05,1,5
897,Estele,Springtorpe,espringtorpeow@ezinearticles.com,"$72,232.04",Associate Professor,2023-05-23,1,2
898,Arlen,Pennone,apennoneox@angelfire.com,"$71,695.82",Statistician IV,2023-05-30,3,7
899,Elliot,Shaughnessy,eshaughnessyoy@google.pl,"$121,907.73",Marketing Manager,2023-11-01,3,3
900,Wini,Huzzay,whuzzayoz@fotki.com,"$33,328.25",Developer II,2021-05-11,1,2
901,Kym,Oloman,kolomanp0@dailymotion.com,"$102,267.50",Administrative Assistant II,2021-03-06,1,3
902,Norris,Lyddiard,nlyddiardp1@t.co,"$119,756.55",Nuclear Power Engineer,2019-06-16,3,1
903,Christa,Killingbeck,ckillingbeckp2@baidu.com,"$53,849.13",Physical Therapy Assistant,2023-09-21,1,1
904,Antonius,Brodley,abrodleyp3@craigslist.org,"$145,865.80",Structural Engineer,2024-10-28,3,4
905,Rodolph,McGraw,rmcgrawp4@163.com,"$31,182.46",Electrical Engineer,2021-02-22,3,5
906,Bella,Antognetti,bantognettip5@gnu.org,"$67,285.70",Teacher,2018-03-14,1,2
907,Nickolai,Shawe,nshawep6@usatoday.com,"$142,041.15",Chief Design Engineer,2019-02-18,3,6
908,Tiffie,Tiffany,ttiffanyp7@wikimedia.org,"$106,496.27",Research Assistant II,2019-07-13,1,3
909,Ode,Fozzard,ofozzardp8@vkontakte.ru,"$44,758.14",Automation Specialist III,2015-07-08,3,6
910,Brody,Yakebovitch,byakebovitchp9@github.io,"$134,024.68",Developer II,2012-10-25,3,4
911,Gustie,Capun,gcapunpa@apple.com,"$137,278.32",VP Product Management,2019-12-06,1,6
912,Demetre,Dugdale,ddugdalepb@foxnews.com,"$80,235.88",Graphic Designer,2020-09-09,3,1
913,Viviene,Lovstrom,vlovstrompc@uol.com.br,"$34,893.10",Pharmacist,2022-06-27,1,6
914,Bertine,Geraud,bgeraudpd@addtoany.com,"$105,659.92",Tax Accountant,2015-04-22,1,5
915,Mathe,Iddins,middinspe@businessweek.com,"$80,275.43",Librarian,2016-04-06,3,7
916,Damon,Camlin,dcamlinpf@cdc.gov,"$108,142.72",Administrative Officer,2020-12-01,5,3
917,Cathlene,Dobbie,cdobbiepg@rediff.com,"$104,193.84",Research Assistant II,2014-11-11,1,4
918,Floris,Loverock,floverockph@reuters.com,"$65,258.02",Software Test Engineer III,2013-06-11,1,4
919,Shermy,Pinkard,spinkardpi@ow.ly,"$114,588.66",Environmental Tech,2013-02-02,3,3
920,Edin,O'Dulchonta,eodulchontapj@bloglines.com,"$123,667.12",VP Marketing,2024-06-05,1,7
921,Major,Elwell,melwellpk@sun.com,"$141,797.42",Dental Hygienist,2012-03-31,3,5
922,Ashlan,Ducket,aducketpl@cnbc.com,"$61,112.56",Data Coordinator,2022-03-13,1,1
923,Silvan,Iaduccelli,siaduccellipm@multiply.com,"$61,267.74",Occupational Therapist,2023-10-03,3,6
924,Nicolea,de Clerk,ndeclerkpn@blogspot.com,"$70,706.51",Software Engineer IV,2016-11-19,1,3
925,Zared,Piatto,zpiattopo@printfriendly.com,"$37,912.47",Nurse,2021-12-21,3,6
926,Forest,Pittson,fpittsonpp@census.gov,"$67,148.83",Web Developer II,2015-02-21,3,7
927,Mabel,BURWIN,mburwinpq@ovh.net,"$113,299.45",Safety Technician IV,2023-12-19,1,3
928,Bradford,Garlick,bgarlickpr@yolasite.com,"$61,065.40",Health Coach IV,2014-09-20,3,1
929,Bebe,Halwell,bhalwellps@state.tx.us,"$54,542.64",Account Coordinator,2021-08-30,1,2
930,Codie,Canham,ccanhampt@wordpress.org,"$60,171.82",Payment Adjustment Coordinator,2012-11-15,3,4
931,Billy,Tregunnah,btregunnahpu@shutterfly.com,"$76,005.60",Senior Editor,2017-02-19,1,1
932,Dotti,Keyhoe,dkeyhoepv@si.edu,"$107,626.45",Nurse Practicioner,2019-02-16,1,1
933,Tim,Crowch,tcrowchpw@wikia.com,"$70,180.38",Office Assistant IV,2015-04-23,3,4
934,Cris,Davidowsky,cdavidowskypx@nih.gov,"$82,879.58",Tax Accountant,2017-02-17,3,7
935,Benedetto,O'Duilleain,boduilleainpy@google.cn,"$94,456.69",Nurse Practicioner,2024-04-05,2,1
936,Ginger,Biddiss,gbiddisspz@globo.com,"$128,175.50",Structural Analysis Engineer,2024-02-05,3,4
937,Ayn,Comizzoli,acomizzoliq0@google.co.jp,"$33,672.55",Compensation Analyst,2016-06-02,1,2
938,Llewellyn,Isselee,lisseleeq1@nydailynews.com,"$123,001.37",Programmer Analyst III,2019-03-21,3,2
939,Juliet,Philliphs,jphilliphsq2@ted.com,"$65,647.60",Business Systems Development Analyst,2021-04-02,1,5
940,Tiphani,Siman,tsimanq3@uol.com.br,"$59,378.98",Senior Financial Analyst,2023-10-11,2,4
941,Sibbie,Sicily,ssicilyq4@redcross.org,"$75,021.27",Senior Financial Analyst,2022-12-22,1,6
942,Artair,Goldhawk,agoldhawkq5@mysql.com,"$120,525.83",Human Resources Manager,2022-10-01,3,2
943,Catrina,O'Hagirtie,cohagirtieq6@narod.ru,"$44,094.94",Accountant I,2020-05-27,1,4
944,Adriana,Valentino,avalentinoq7@hc360.com,"$138,537.31",Design Engineer,2019-01-08,1,6
945,Leshia,Ascraft,lascraftq8@sciencedirect.com,"$52,428.11",Teacher,2017-04-04,1,6
946,Dyanna,McGrady,dmcgradyq9@cloudflare.com,"$117,846.54",Programmer III,2013-08-02,1,3
947,Nathanil,Touhig,ntouhigqa@freewebs.com,"$127,342.50",Systems Administrator II,2018-11-05,3,3
948,Lauritz,Martinovsky,lmartinovskyqb@reference.com,"$75,754.11",Computer Systems Analyst I,2013-05-11,3,3
949,Franky,Brownsword,fbrownswordqc@engadget.com,"$71,667.86",Senior Editor,2017-08-29,6,7
950,Hansiain,Babinski,hbabinskiqd@toplist.cz,"$88,810.37",Director of Sales,2021-05-24,3,1
951,Lind,Ollett,lollettqe@wikipedia.org,"$55,468.35",Staff Scientist,2018-10-22,3,3
952,Erminia,Dobsons,edobsonsqf@liveinternet.ru,"$88,006.12",Software Engineer I,2024-01-12,1,6
953,Aldon,Dullaghan,adullaghanqg@techcrunch.com,"$124,608.25",Speech Pathologist,2019-06-21,3,6
954,Caleb,Extil,cextilqh@cdc.gov,"$140,543.23",Payment Adjustment Coordinator,2022-12-26,3,6
955,Skip,Gehricke,sgehrickeqi@scribd.com,"$113,479.82",Database Administrator I,2016-12-12,3,3
956,Janek,Dossettor,jdossettorqj@google.pl,"$116,306.37",Human Resources Manager,2023-07-16,3,5
957,Leslie,Caird,lcairdqk@apple.com,"$108,777.08",Health Coach II,2015-01-26,3,4
958,Fredi,Lofty,floftyql@stumbleupon.com,"$36,195.16",Automation Specialist II,2022-08-18,1,1
959,Erin,Fish,efishqm@auda.org.au,"$71,837.05",Database Administrator III,2013-04-29,3,7
960,Maxie,Oggers,moggersqn@yahoo.co.jp,"$136,543.64",Recruiter,2012-12-05,1,4
961,Kirsten,Broy,kbroyqo@washington.edu,"$138,233.48",Quality Engineer,2014-10-01,1,2
962,Drew,Matysiak,dmatysiakqp@about.me,"$108,308.30",Chemical Engineer,2014-05-09,3,5
963,Griffith,Crosetto,gcrosettoqq@jugem.jp,"$76,876.52",VP Marketing,2020-11-13,3,6
964,Billye,Baack,bbaackqr@studiopress.com,"$66,482.60",Compensation Analyst,2018-02-06,1,4
965,Derwin,Packham,dpackhamqs@so-net.ne.jp,"$70,179.20",Human Resources Assistant II,2014-10-14,3,2
966,Carver,Metzke,cmetzkeqt@unblog.fr,"$73,045.97",Staff Scientist,2016-07-01,3,6
967,Viki,Yarmouth,vyarmouthqu@usatoday.com,"$68,957.84",Quality Control Specialist,2019-05-15,8,2
968,Ellery,Punshon,epunshonqv@cyberchimps.com,"$132,939.30",Senior Sales Associate,2014-08-31,3,4
969,Oriana,Alleway,oallewayqw@com.com,"$126,038.55",Civil Engineer,2020-05-24,1,2
970,Chev,Murney,cmurneyqx@theatlantic.com,"$131,456.47",Assistant Professor,2015-08-06,3,7
971,Loren,Ablitt,lablittqy@4shared.com,"$112,541.62",Systems Administrator II,2022-12-27,1,2
972,Jacquelin,Bourthouloume,jbourthouloumeqz@taobao.com,"$85,383.03",Account Representative I,2022-02-16,1,6
973,Lotta,Domanek,ldomanekr0@behance.net,"$39,295.89",Financial Analyst,2016-04-18,1,7
974,Lorin,Twiggs,ltwiggsr1@vkontakte.ru,"$34,809.71",Mechanical Systems Engineer,2015-04-08,3,4
975,Lesley,Barkhouse,lbarkhouser2@tiny.cc,"$132,903.20",Recruiter,2021-09-28,1,6
976,Mel,Burnsyde,mburnsyder3@chronoengine.com,"$97,792.04",General Manager,2013-09-17,1,4
977,Sandro,Causey,scauseyr4@narod.ru,"$114,108.63",Sales Associate,2017-07-21,3,5
978,Lutero,Trethewey,ltretheweyr5@fastcompany.com,"$125,296.33",Structural Analysis Engineer,2013-12-08,3,4
979,Pris,Foister,pfoisterr6@slashdot.org,"$63,770.06",Professor,2013-11-08,8,7
980,Therine,March,tmarchr7@nydailynews.com,"$74,155.45",Dental Hygienist,2024-01-18,1,7
981,Guillermo,Quartermain,gquartermainr8@goo.gl,"$84,803.27",Sales Representative,2022-05-16,3,7
982,Carolan,Symington,csymingtonr9@godaddy.com,"$78,060.16",Recruiter,2021-05-03,1,3
983,Kikelia,Penhallurick,kpenhallurickra@toplist.cz,"$131,260.68",Staff Scientist,2023-06-23,1,5
984,Fawn,Stansell,fstansellrb@hugedomains.com,"$41,297.59",Teacher,2014-06-22,1,1
985,Pooh,Weekland,pweeklandrc@umn.edu,"$82,945.54",VP Product Management,2017-05-16,3,7
986,Teddy,Impey,timpeyrd@booking.com,"$37,921.83",Engineer II,2020-01-26,1,3
987,Dunc,Deboy,ddeboyre@nature.com,"$53,895.42",Systems Administrator IV,2016-07-29,3,2
988,Leupold,Hyde,lhyderf@apache.org,"$136,206.09",Safety Technician III,2024-07-18,3,5
989,Tanney,Darey,tdareyrg@flickr.com,"$59,934.65",Safety Technician I,2018-02-12,3,1
990,Renell,Rapport,rrapportrh@weibo.com,"$86,507.52",Environmental Specialist,2012-07-27,1,1
991,Tucker,Twell,ttwellri@t-online.de,"$128,026.51",Financial Analyst,2013-05-25,3,6
992,Pascale,Jannequin,pjannequinrj@shutterfly.com,"$142,270.22",Quality Engineer,2012-10-07,3,5
993,Fionna,Choudhury,fchoudhuryrk@nydailynews.com,"$76,853.45",Account Coordinator,2014-07-21,1,6
994,Daffie,Brownjohn,dbrownjohnrl@dyndns.org,"$102,065.21",Nurse,2012-03-02,1,1
995,Vikki,Harring,vharringrm@virginia.edu,"$58,131.54",Administrative Assistant II,2015-03-11,1,6
996,Garth,Momford,gmomfordrn@alibaba.com,"$100,731.73",Teacher,2022-07-30,3,6
997,Yoko,Curnnokk,ycurnnokkro@nationalgeographic.com,"$79,560.16",VP Marketing,2020-10-14,1,6
998,Clemence,Aberhart,caberhartrp@tiny.cc,"$121,784.35",GIS Technical Architect,2013-02-16,1,7
999,Jilly,Ream,jreamrq@goo.gl,"$126,302.33",Internal Auditor,2017-04-21,1,6
1000,Benjie,Deshorts,bdeshortsrr@biblegateway.com,"$55,088.75",Account Executive,2018-07-22,3,5
1001,Ash,Deshorts,bdeshortsrr@biblegateway.com,"$55,088.75",Account Executive,2018-07-22,3,5
1002,Misty,Cerulean,bdeshortsrr@biblegateway.com,"$55,088.75",Account Executive,2018-07-22,3,5
1004,Brock,Williams,bdeshortsrr@biblegateway.com,"$55,088.75",Account Executive,2018-07-22,3,5
,pikachu,Cerulean,bdeshortsrr@biblegateway.com,"$55,088.75",Account Executive,2018-07-22,3,5
,bulbasaur,Williams,bdeshortsrr@biblegateway.com,"$55,088.75",Account Executive,2018-07-22,3,5
